Workbook

Sheet REPORTE
A1: Nro Guia | B1: Fecha ingreso a Planta | C1: Cliente | D1: Estado | E1: TIPO DE ESTADO | F1: GESTIÓN REALIZADA | G1: Remito | H1: Servicio | I1: Destinatario | J1: Domicilio | K1: Localidad | L1: Distribuidor Recorrido | M1: Recibio | N1: Documento | O1: CP | P1: FECHA ULTIMO ESTADO | Q1: Zona Destino
A2: =IF(base!A2="","",base!A2) -> 6200000 | B2: =IF(base!BN2="","",base!BN2) -> 46303.625 | C2: =IF(base!C2="","",base!C2) -> ZETABURGOS SRL | D2: =IF(base!E2="","",base!E2) -> 1RVT - 1° VISITA | E2: =IF(base!BF2="","",base!BF2) | F2: =IF(D2="","",IF(OR(ISNUMBER(SEARCH("VISITA",D2)),ISNUMBER(SEARCH("RUTA",D2)),ISNUMBER(SEARCH("ARRIB",D2)),ISNUMBER(SEARCH("MATRIZ",D2)),ISNUMBER(SEARCH("PENDIENTE",D2))),"VISITA COORDINADA CON EL CLIENTE","N/A")) -> VISITA COORDINADA CON EL CLIENTE | G2: =IF(base!G2="","",base!G2) -> 001234 | H2: =IF(base!I2="","",base!I2) -> FLEX | I2: =IF(base!S2="","",base!S2) -> Prueba 0 | J2: =IF(base!T2="","",base!T2) -> Calle 123 Piso 2 | K2: =IF(base!U2="","",base!U2) | L2: =IF(base!Y2="","",base!Y2) | M2: =IF(base!AH2="","",base!AH2) | N2: =IF(base!AI2="","",base!AI2) -> 34.072273 | O2: =IF(base!BA2="","",base!BA2) -> 1875 | P2: =IF(base!BK2="","",base!BK2) -> 46303.806 | Q2: =IF(base!BS2="","",base!BS2)
A3: =IF(base!A3="","",base!A3) -> 6200001 | B3: =IF(base!BN3="","",base!BN3) -> 46303.625 | C3: =IF(base!C3="","",base!C3) -> ZETABURGOS SRL | D3: =IF(base!E3="","",base!E3) -> ENTREGADO | E3: =IF(base!BF3="","",base!BF3) | F3: =IF(D3="","",IF(OR(ISNUMBER(SEARCH("VISITA",D3)),ISNUMBER(SEARCH("RUTA",D3)),ISNUMBER(SEARCH("ARRIB",D3)),ISNUMBER(SEARCH("MATRIZ",D3)),ISNUMBER(SEARCH("PENDIENTE",D3))),"VISITA COORDINADA CON EL CLIENTE","N/A")) -> N/A | G3: ="#ABC" -> #ABC | H3: =IF(base!I3="","",base!I3) -> SAMEDAY | I3: =IF(base!S3="","",base!S3) -> Prueba 1 | J3: =IF(base!T3="","",base!T3) -> Calle 123 Piso 2 | K3: =IF(base!U3="","",base!U3) | L3: =IF(base!Y3="","",base!Y3) | M3: =IF(base!AH3="","",base!AH3) | N3: =IF(base!AI3="","",base!AI3) -> 34.072273 | O3: =IF(base!BA3="","",base!BA3) -> 1875 | P3: =IF(base!BK3="","",base!BK3) -> 46303.806 | Q3: =IF(base!BS3="","",base!BS3)
A4: =IF(base!A4="","",base!A4) -> 6200002 | B4: =IF(base!BN4="","",base!BN4) -> 46303.625 | C4: =IF(base!C4="","",base!C4) -> ZETABURGOS SRL | D4: =IF(base!E4="","",base!E4) -> REPROGRAMACIÓN | E4: =IF(base!BF4="","",base!BF4) | F4: =IF(D4="","",IF(OR(ISNUMBER(SEARCH("VISITA",D4)),ISNUMBER(SEARCH("RUTA",D4)),ISNUMBER(SEARCH("ARRIB",D4)),ISNUMBER(SEARCH("MATRIZ",D4)),ISNUMBER(SEARCH("PENDIENTE",D4))),"VISITA COORDINADA CON EL CLIENTE","N/A")) -> N/A | G4: =IF(base!G4="","",base!G4) -> 470123456 | H4: =IF(base!I4="","",base!I4) -> FLEX | I4: =IF(base!S4="","",base!S4) -> Prueba 2 | J4: =IF(base!T4="","",base!T4) -> Calle 123 Piso 2 | K4: =IF(base!U4="","",base!U4) | L4: =IF(base!Y4="","",base!Y4) | M4: =IF(base!AH4="","",base!AH4) | N4: =IF(base!AI4="","",base!AI4) -> 34.072273 | O4: =IF(base!BA4="","",base!BA4) -> 1875 | P4: =IF(base!BK4="","",base!BK4) -> 46303.806 | Q4: =IF(base!BS4="","",base!BS4)
A5: =IF(base!A5="","",base!A5) -> 6200003 | B5: =IF(base!BN5="","",base!BN5) -> 46303.625 | C5: =IF(base!C5="","",base!C5) -> ZETABURGOS SRL | D5: =IF(base!E5="","",base!E5) -> 1RVT - 1° VISITA | E5: =IF(base!BF5="","",base!BF5) | F5: =IF(D5="","",IF(OR(ISNUMBER(SEARCH("VISITA",D5)),ISNUMBER(SEARCH("RUTA",D5)),ISNUMBER(SEARCH("ARRIB",D5)),ISNUMBER(SEARCH("MATRIZ",D5)),ISNUMBER(SEARCH("PENDIENTE",D5))),"VISITA COORDINADA CON EL CLIENTE","N/A")) -> VISITA COORDINADA CON EL CLIENTE | G5: =IF(base!G5="","",base!G5) -> ABC001 | H5: =IF(base!I5="","",base!I5) -> SAMEDAY | I5: =IF(base!S5="","",base!S5) -> Prueba 3 | J5: =IF(base!T5="","",base!T5) -> Calle 123 Piso 2 | K5: =IF(base!U5="","",base!U5) | L5: =IF(base!Y5="","",base!Y5) | M5: =IF(base!AH5="","",base!AH5) | N5: =IF(base!AI5="","",base!AI5) -> 34.072273 | O5: =IF(base!BA5="","",base!BA5) -> 1875 | P5: =IF(base!BK5="","",base!BK5) -> 46303.806 | Q5: =IF(base!BS5="","",base!BS5)
A6: =IF(base!A6="","",base!A6) -> 6200004 | B6: =IF(base!BN6="","",base!BN6) -> 46303.625 | C6: =IF(base!C6="","",base!C6) -> ZETABURGOS SRL | D6: =IF(base!E6="","",base!E6) -> ENTREGADO | E6: =IF(base!BF6="","",base!BF6) | F6: =IF(D6="","",IF(OR(ISNUMBER(SEARCH("VISITA",D6)),ISNUMBER(SEARCH("RUTA",D6)),ISNUMBER(SEARCH("ARRIB",D6)),ISNUMBER(SEARCH("MATRIZ",D6)),ISNUMBER(SEARCH("PENDIENTE",D6))),"VISITA COORDINADA CON EL CLIENTE","N/A")) -> N/A | G6: =IF(base!G6="","",base!G6) -> 2000018857041302 | H6: =IF(base!I6="","",base!I6) -> FLEX | I6: =IF(base!S6="","",base!S6) -> Prueba 4 | J6: =IF(base!T6="","",base!T6) -> Calle 123 Piso 2 | K6: =IF(base!U6="","",base!U6) | L6: =IF(base!Y6="","",base!Y6) | M6: =IF(base!AH6="","",base!AH6) | N6: =IF(base!AI6="","",base!AI6) -> 34.072273 | O6: =IF(base!BA6="","",base!BA6) -> 1875 | P6: =IF(base!BK6="","",base!BK6) -> 46303.806 | Q6: =IF(base!BS6="","",base!BS6)
A7: =IF(base!A7="","",base!A7) -> 6200005 | B7: =IF(base!BN7="","",base!BN7) -> 46303.625 | C7: =IF(base!C7="","",base!C7) -> ZETABURGOS SRL | D7: =IF(base!E7="","",base!E7) -> REPROGRAMACIÓN | E7: =IF(base!BF7="","",base!BF7) | F7: =IF(D7="","",IF(OR(ISNUMBER(SEARCH("VISITA",D7)),ISNUMBER(SEARCH("RUTA",D7)),ISNUMBER(SEARCH("ARRIB",D7)),ISNUMBER(SEARCH("MATRIZ",D7)),ISNUMBER(SEARCH("PENDIENTE",D7))),"VISITA COORDINADA CON EL CLIENTE","N/A")) -> N/A | G7: =IF(base!G7="","",base!G7) -> 001234 | H7: =IF(base!I7="","",base!I7) -> FLEX | I7: =IF(base!S7="","",base!S7) -> Prueba 5 | J7: =IF(base!T7="","",base!T7) -> Calle 123 Piso 2 | K7: =IF(base!U7="","",base!U7) | L7: =IF(base!Y7="","",base!Y7) | M7: =IF(base!AH7="","",base!AH7) | N7: =IF(base!AI7="","",base!AI7) -> 34.072273 | O7: =IF(base!BA7="","",base!BA7) -> 1875 | P7: =IF(base!BK7="","",base!BK7) -> 46303.806 | Q7: =IF(base!BS7="","",base!BS7)
A8: =IF(base!A8="","",base!A8) -> 6200006 | B8: =IF(base!BN8="","",base!BN8) -> 46303.625 | C8: =IF(base!C8="","",base!C8) -> ZETABURGOS SRL | D8: =IF(base!E8="","",base!E8) -> 1RVT - 1° VISITA | E8: =IF(base!BF8="","",base!BF8) | F8: =IF(D8="","",IF(OR(ISNUMBER(SEARCH("VISITA",D8)),ISNUMBER(SEARCH("RUTA",D8)),ISNUMBER(SEARCH("ARRIB",D8)),ISNUMBER(SEARCH("MATRIZ",D8)),ISNUMBER(SEARCH("PENDIENTE",D8))),"VISITA COORDINADA CON EL CLIENTE","N/A")) -> VISITA COORDINADA CON EL CLIENTE | G8: ="#ABC" -> #ABC | H8: =IF(base!I8="","",base!I8) -> SAMEDAY | I8: =IF(base!S8="","",base!S8) -> Prueba 6 | J8: =IF(base!T8="","",base!T8) -> Calle 123 Piso 2 | K8: =IF(base!U8="","",base!U8) | L8: =IF(base!Y8="","",base!Y8) | M8: =IF(base!AH8="","",base!AH8) | N8: =IF(base!AI8="","",base!AI8) -> 34.072273 | O8: =IF(base!BA8="","",base!BA8) -> 1875 | P8: =IF(base!BK8="","",base!BK8) -> 46303.806 | Q8: =IF(base!BS8="","",base!BS8)
A9: =IF(base!A9="","",base!A9) -> 6200007 | B9: =IF(base!BN9="","",base!BN9) -> 46303.625 | C9: =IF(base!C9="","",base!C9) -> ZETABURGOS SRL | D9: =IF(base!E9="","",base!E9) -> ENTREGADO | E9: =IF(base!BF9="","",base!BF9) | F9: =IF(D9="","",IF(OR(ISNUMBER(SEARCH("VISITA",D9)),ISNUMBER(SEARCH("RUTA",D9)),ISNUMBER(SEARCH("ARRIB",D9)),ISNUMBER(SEARCH("MATRIZ",D9)),ISNUMBER(SEARCH("PENDIENTE",D9))),"VISITA COORDINADA CON EL CLIENTE","N/A")) -> N/A | G9: =IF(base!G9="","",base!G9) -> 470123456 | H9: =IF(base!I9="","",base!I9) -> FLEX | I9: =IF(base!S9="","",base!S9) -> Prueba 7 | J9: =IF(base!T9="","",base!T9) -> Calle 123 Piso 2 | K9: =IF(base!U9="","",base!U9) | L9: =IF(base!Y9="","",base!Y9) | M9: =IF(base!AH9="","",base!AH9) | N9: =IF(base!AI9="","",base!AI9) -> 34.072273 | O9: =IF(base!BA9="","",base!BA9) -> 1875 | P9: =IF(base!BK9="","",base!BK9) -> 46303.806 | Q9: =IF(base!BS9="","",base!BS9)
A10: =IF(base!A10="","",base!A10) -> 6200008 | B10: =IF(base!BN10="","",base!BN10) -> 46303.625 | C10: =IF(base!C10="","",base!C10) -> ZETABURGOS SRL | D10: =IF(base!E10="","",base!E10) -> REPROGRAMACIÓN | E10: =IF(base!BF10="","",base!BF10) | F10: =IF(D10="","",IF(OR(ISNUMBER(SEARCH("VISITA",D10)),ISNUMBER(SEARCH("RUTA",D10)),ISNUMBER(SEARCH("ARRIB",D10)),ISNUMBER(SEARCH("MATRIZ",D10)),ISNUMBER(SEARCH("PENDIENTE",D10))),"VISITA COORDINADA CON EL CLIENTE","N/A")) -> N/A | G10: =IF(base!G10="","",base!G10) -> ABC001 | H10: =IF(base!I10="","",base!I10) -> SAMEDAY | I10: =IF(base!S10="","",base!S10) -> Prueba 8 | J10: =IF(base!T10="","",base!T10) -> Calle 123 Piso 2 | K10: =IF(base!U10="","",base!U10) | L10: =IF(base!Y10="","",base!Y10) | M10: =IF(base!AH10="","",base!AH10) | N10: =IF(base!AI10="","",base!AI10) -> 34.072273 | O10: =IF(base!BA10="","",base!BA10) -> 1875 | P10: =IF(base!BK10="","",base!BK10) -> 46303.806 | Q10: =IF(base!BS10="","",base!BS10)
A11: =IF(base!A11="","",base!A11) -> 6200009 | B11: =IF(base!BN11="","",base!BN11) -> 46303.625 | C11: =IF(base!C11="","",base!C11) -> ZETABURGOS SRL | D11: =IF(base!E11="","",base!E11) -> 1RVT - 1° VISITA | E11: =IF(base!BF11="","",base!BF11) | F11: =IF(D11="","",IF(OR(ISNUMBER(SEARCH("VISITA",D11)),ISNUMBER(SEARCH("RUTA",D11)),ISNUMBER(SEARCH("ARRIB",D11)),ISNUMBER(SEARCH("MATRIZ",D11)),ISNUMBER(SEARCH("PENDIENTE",D11))),"VISITA COORDINADA CON EL CLIENTE","N/A")) -> VISITA COORDINADA CON EL CLIENTE | G11: =IF(base!G11="","",base!G11) -> 2000018857041302 | H11: =IF(base!I11="","",base!I11) -> FLEX | I11: =IF(base!S11="","",base!S11) -> Prueba 9 | J11: =IF(base!T11="","",base!T11) -> Calle 123 Piso 2 | K11: =IF(base!U11="","",base!U11) | L11: =IF(base!Y11="","",base!Y11) | M11: =IF(base!AH11="","",base!AH11) | N11: =IF(base!AI11="","",base!AI11) -> 34.072273 | O11: =IF(base!BA11="","",base!BA11) -> 1875 | P11: =IF(base!BK11="","",base!BK11) -> 46303.806 | Q11: =IF(base!BS11="","",base!BS11)
A12: =IF(base!A12="","",base!A12) -> 6200010 | B12: =IF(base!BN12="","",base!BN12) -> 46303.625 | C12: =IF(base!C12="","",base!C12) -> ZETABURGOS SRL | D12: =IF(base!E12="","",base!E12) -> ENTREGADO | E12: =IF(base!BF12="","",base!BF12) | F12: =IF(D12="","",IF(OR(ISNUMBER(SEARCH("VISITA",D12)),ISNUMBER(SEARCH("RUTA",D12)),ISNUMBER(SEARCH("ARRIB",D12)),ISNUMBER(SEARCH("MATRIZ",D12)),ISNUMBER(SEARCH("PENDIENTE",D12))),"VISITA COORDINADA CON EL CLIENTE","N/A")) -> N/A | G12: =IF(base!G12="","",base!G12) -> 001234 | H12: =IF(base!I12="","",base!I12) -> FLEX | I12: =IF(base!S12="","",base!S12) -> Prueba 10 | J12: =IF(base!T12="","",base!T12) -> Calle 123 Piso 2 | K12: =IF(base!U12="","",base!U12) | L12: =IF(base!Y12="","",base!Y12) | M12: =IF(base!AH12="","",base!AH12) | N12: =IF(base!AI12="","",base!AI12) -> 34.072273 | O12: =IF(base!BA12="","",base!BA12) -> 1875 | P12: =IF(base!BK12="","",base!BK12) -> 46303.806 | Q12: =IF(base!BS12="","",base!BS12)
A13: =IF(base!A13="","",base!A13) -> 6200011 | B13: =IF(base!BN13="","",base!BN13) -> 46303.625 | C13: =IF(base!C13="","",base!C13) -> ZETABURGOS SRL | D13: =IF(base!E13="","",base!E13) -> REPROGRAMACIÓN | E13: =IF(base!BF13="","",base!BF13) | F13: =IF(D13="","",IF(OR(ISNUMBER(SEARCH("VISITA",D13)),ISNUMBER(SEARCH("RUTA",D13)),ISNUMBER(SEARCH("ARRIB",D13)),ISNUMBER(SEARCH("MATRIZ",D13)),ISNUMBER(SEARCH("PENDIENTE",D13))),"VISITA COORDINADA CON EL CLIENTE","N/A")) -> N/A | G13: ="#ABC" -> #ABC | H13: =IF(base!I13="","",base!I13) -> SAMEDAY | I13: =IF(base!S13="","",base!S13) -> Prueba 11 | J13: =IF(base!T13="","",base!T13) -> Calle 123 Piso 2 | K13: =IF(base!U13="","",base!U13) | L13: =IF(base!Y13="","",base!Y13) | M13: =IF(base!AH13="","",base!AH13) | N13: =IF(base!AI13="","",base!AI13) -> 34.072273 | O13: =IF(base!BA13="","",base!BA13) -> 1875 | P13: =IF(base!BK13="","",base!BK13) -> 46303.806 | Q13: =IF(base!BS13="","",base!BS13)
A14: =IF(base!A14="","",base!A14) -> 6200012 | B14: =IF(base!BN14="","",base!BN14) -> 46303.625 | C14: =IF(base!C14="","",base!C14) -> ZETABURGOS SRL | D14: =IF(base!E14="","",base!E14) -> 1RVT - 1° VISITA | E14: =IF(base!BF14="","",base!BF14) | F14: =IF(D14="","",IF(OR(ISNUMBER(SEARCH("VISITA",D14)),ISNUMBER(SEARCH("RUTA",D14)),ISNUMBER(SEARCH("ARRIB",D14)),ISNUMBER(SEARCH("MATRIZ",D14)),ISNUMBER(SEARCH("PENDIENTE",D14))),"VISITA COORDINADA CON EL CLIENTE","N/A")) -> VISITA COORDINADA CON EL CLIENTE | G14: =IF(base!G14="","",base!G14) -> 470123456 | H14: =IF(base!I14="","",base!I14) -> FLEX | I14: =IF(base!S14="","",base!S14) -> Prueba 12 | J14: =IF(base!T14="","",base!T14) -> Calle 123 Piso 2 | K14: =IF(base!U14="","",base!U14) | L14: =IF(base!Y14="","",base!Y14) | M14: =IF(base!AH14="","",base!AH14) | N14: =IF(base!AI14="","",base!AI14) -> 34.072273 | O14: =IF(base!BA14="","",base!BA14) -> 1875 | P14: =IF(base!BK14="","",base!BK14) -> 46303.806 | Q14: =IF(base!BS14="","",base!BS14)
A15: =IF(base!A15="","",base!A15) -> 6200013 | B15: =IF(base!BN15="","",base!BN15) -> 46303.625 | C15: =IF(base!C15="","",base!C15) -> ZETABURGOS SRL | D15: =IF(base!E15="","",base!E15) -> ENTREGADO | E15: =IF(base!BF15="","",base!BF15) | F15: =IF(D15="","",IF(OR(ISNUMBER(SEARCH("VISITA",D15)),ISNUMBER(SEARCH("RUTA",D15)),ISNUMBER(SEARCH("ARRIB",D15)),ISNUMBER(SEARCH("MATRIZ",D15)),ISNUMBER(SEARCH("PENDIENTE",D15))),"VISITA COORDINADA CON EL CLIENTE","N/A")) -> N/A | G15: =IF(base!G15="","",base!G15) -> ABC001 | H15: =IF(base!I15="","",base!I15) -> SAMEDAY | I15: =IF(base!S15="","",base!S15) -> Prueba 13 | J15: =IF(base!T15="","",base!T15) -> Calle 123 Piso 2 | K15: =IF(base!U15="","",base!U15) | L15: =IF(base!Y15="","",base!Y15) | M15: =IF(base!AH15="","",base!AH15) | N15: =IF(base!AI15="","",base!AI15) -> 34.072273 | O15: =IF(base!BA15="","",base!BA15) -> 1875 | P15: =IF(base!BK15="","",base!BK15) -> 46303.806 | Q15: =IF(base!BS15="","",base!BS15)
A16: =IF(base!A16="","",base!A16) -> 6200014 | B16: =IF(base!BN16="","",base!BN16) -> 46303.625 | C16: =IF(base!C16="","",base!C16) -> ZETABURGOS SRL | D16: =IF(base!E16="","",base!E16) -> REPROGRAMACIÓN | E16: =IF(base!BF16="","",base!BF16) | F16: =IF(D16="","",IF(OR(ISNUMBER(SEARCH("VISITA",D16)),ISNUMBER(SEARCH("RUTA",D16)),ISNUMBER(SEARCH("ARRIB",D16)),ISNUMBER(SEARCH("MATRIZ",D16)),ISNUMBER(SEARCH("PENDIENTE",D16))),"VISITA COORDINADA CON EL CLIENTE","N/A")) -> N/A | G16: =IF(base!G16="","",base!G16) -> 2000018857041302 | H16: =IF(base!I16="","",base!I16) -> FLEX | I16: =IF(base!S16="","",base!S16) -> Prueba 14 | J16: =IF(base!T16="","",base!T16) -> Calle 123 Piso 2 | K16: =IF(base!U16="","",base!U16) | L16: =IF(base!Y16="","",base!Y16) | M16: =IF(base!AH16="","",base!AH16) | N16: =IF(base!AI16="","",base!AI16) -> 34.072273 | O16: =IF(base!BA16="","",base!BA16) -> 1875 | P16: =IF(base!BK16="","",base!BK16) -> 46303.806 | Q16: =IF(base!BS16="","",base!BS16)
A17: =IF(base!A17="","",base!A17) -> 6200015 | B17: =IF(base!BN17="","",base!BN17) -> 46303.625 | C17: =IF(base!C17="","",base!C17) -> ZETABURGOS SRL | D17: =IF(base!E17="","",base!E17) -> 1RVT - 1° VISITA | E17: =IF(base!BF17="","",base!BF17) | F17: =IF(D17="","",IF(OR(ISNUMBER(SEARCH("VISITA",D17)),ISNUMBER(SEARCH("RUTA",D17)),ISNUMBER(SEARCH("ARRIB",D17)),ISNUMBER(SEARCH("MATRIZ",D17)),ISNUMBER(SEARCH("PENDIENTE",D17))),"VISITA COORDINADA CON EL CLIENTE","N/A")) -> VISITA COORDINADA CON EL CLIENTE | G17: =IF(base!G17="","",base!G17) -> 001234 | H17: =IF(base!I17="","",base!I17) -> FLEX | I17: =IF(base!S17="","",base!S17) -> Prueba 15 | J17: =IF(base!T17="","",base!T17) -> Calle 123 Piso 2 | K17: =IF(base!U17="","",base!U17) | L17: =IF(base!Y17="","",base!Y17) | M17: =IF(base!AH17="","",base!AH17) | N17: =IF(base!AI17="","",base!AI17) -> 34.072273 | O17: =IF(base!BA17="","",base!BA17) -> 1875 | P17: =IF(base!BK17="","",base!BK17) -> 46303.806 | Q17: =IF(base!BS17="","",base!BS17)
A18: =IF(base!A18="","",base!A18) -> 6200016 | B18: =IF(base!BN18="","",base!BN18) -> 46303.625 | C18: =IF(base!C18="","",base!C18) -> ZETABURGOS SRL | D18: =IF(base!E18="","",base!E18) -> ENTREGADO | E18: =IF(base!BF18="","",base!BF18) | F18: =IF(D18="","",IF(OR(ISNUMBER(SEARCH("VISITA",D18)),ISNUMBER(SEARCH("RUTA",D18)),ISNUMBER(SEARCH("ARRIB",D18)),ISNUMBER(SEARCH("MATRIZ",D18)),ISNUMBER(SEARCH("PENDIENTE",D18))),"VISITA COORDINADA CON EL CLIENTE","N/A")) -> N/A | G18: ="#ABC" -> #ABC | H18: =IF(base!I18="","",base!I18) -> SAMEDAY | I18: =IF(base!S18="","",base!S18) -> Prueba 16 | J18: =IF(base!T18="","",base!T18) -> Calle 123 Piso 2 | K18: =IF(base!U18="","",base!U18) | L18: =IF(base!Y18="","",base!Y18) | M18: =IF(base!AH18="","",base!AH18) | N18: =IF(base!AI18="","",base!AI18) -> 34.072273 | O18: =IF(base!BA18="","",base!BA18) -> 1875 | P18: =IF(base!BK18="","",base!BK18) -> 46303.806 | Q18: =IF(base!BS18="","",base!BS18)
A19: =IF(base!A19="","",base!A19) -> 6200017 | B19: =IF(base!BN19="","",base!BN19) -> 46303.625 | C19: =IF(base!C19="","",base!C19) -> ZETABURGOS SRL | D19: =IF(base!E19="","",base!E19) -> REPROGRAMACIÓN | E19: =IF(base!BF19="","",base!BF19) | F19: =IF(D19="","",IF(OR(ISNUMBER(SEARCH("VISITA",D19)),ISNUMBER(SEARCH("RUTA",D19)),ISNUMBER(SEARCH("ARRIB",D19)),ISNUMBER(SEARCH("MATRIZ",D19)),ISNUMBER(SEARCH("PENDIENTE",D19))),"VISITA COORDINADA CON EL CLIENTE","N/A")) -> N/A | G19: =IF(base!G19="","",base!G19) -> 470123456 | H19: =IF(base!I19="","",base!I19) -> FLEX | I19: =IF(base!S19="","",base!S19) -> Prueba 17 | J19: =IF(base!T19="","",base!T19) -> Calle 123 Piso 2 | K19: =IF(base!U19="","",base!U19) | L19: =IF(base!Y19="","",base!Y19) | M19: =IF(base!AH19="","",base!AH19) | N19: =IF(base!AI19="","",base!AI19) -> 34.072273 | O19: =IF(base!BA19="","",base!BA19) -> 1875 | P19: =IF(base!BK19="","",base!BK19) -> 46303.806 | Q19: =IF(base!BS19="","",base!BS19)
A20: =IF(base!A20="","",base!A20) -> 6200018 | B20: =IF(base!BN20="","",base!BN20) -> 46303.625 | C20: =IF(base!C20="","",base!C20) -> ZETABURGOS SRL | D20: =IF(base!E20="","",base!E20) -> 1RVT - 1° VISITA | E20: =IF(base!BF20="","",base!BF20) | F20: =IF(D20="","",IF(OR(ISNUMBER(SEARCH("VISITA",D20)),ISNUMBER(SEARCH("RUTA",D20)),ISNUMBER(SEARCH("ARRIB",D20)),ISNUMBER(SEARCH("MATRIZ",D20)),ISNUMBER(SEARCH("PENDIENTE",D20))),"VISITA COORDINADA CON EL CLIENTE","N/A")) -> VISITA COORDINADA CON EL CLIENTE | G20: =IF(base!G20="","",base!G20) -> ABC001 | H20: =IF(base!I20="","",base!I20) -> SAMEDAY | I20: =IF(base!S20="","",base!S20) -> Prueba 18 | J20: =IF(base!T20="","",base!T20) -> Calle 123 Piso 2 | K20: =IF(base!U20="","",base!U20) | L20: =IF(base!Y20="","",base!Y20) | M20: =IF(base!AH20="","",base!AH20) | N20: =IF(base!AI20="","",base!AI20) -> 34.072273 | O20: =IF(base!BA20="","",base!BA20) -> 1875 | P20: =IF(base!BK20="","",base!BK20) -> 46303.806 | Q20: =IF(base!BS20="","",base!BS20)
A21: =IF(base!A21="","",base!A21) -> 6200019 | B21: =IF(base!BN21="","",base!BN21) -> 46303.625 | C21: =IF(base!C21="","",base!C21) -> ZETABURGOS SRL | D21: =IF(base!E21="","",base!E21) -> ENTREGADO | E21: =IF(base!BF21="","",base!BF21) | F21: =IF(D21="","",IF(OR(ISNUMBER(SEARCH("VISITA",D21)),ISNUMBER(SEARCH("RUTA",D21)),ISNUMBER(SEARCH("ARRIB",D21)),ISNUMBER(SEARCH("MATRIZ",D21)),ISNUMBER(SEARCH("PENDIENTE",D21))),"VISITA COORDINADA CON EL CLIENTE","N/A")) -> N/A | G21: =IF(base!G21="","",base!G21) -> 2000018857041302 | H21: =IF(base!I21="","",base!I21) -> FLEX | I21: =IF(base!S21="","",base!S21) -> Prueba 19 | J21: =IF(base!T21="","",base!T21) -> Calle 123 Piso 2 | K21: =IF(base!U21="","",base!U21) | L21: =IF(base!Y21="","",base!Y21) | M21: =IF(base!AH21="","",base!AH21) | N21: =IF(base!AI21="","",base!AI21) -> 34.072273 | O21: =IF(base!BA21="","",base!BA21) -> 1875 | P21: =IF(base!BK21="","",base!BK21) -> 46303.806 | Q21: =IF(base!BS21="","",base!BS21)
A22: =IF(base!A22="","",base!A22) -> 6200020 | B22: =IF(base!BN22="","",base!BN22) -> 46303.625 | C22: =IF(base!C22="","",base!C22) -> ZETABURGOS SRL | D22: =IF(base!E22="","",base!E22) -> REPROGRAMACIÓN | E22: =IF(base!BF22="","",base!BF22) | F22: =IF(D22="","",IF(OR(ISNUMBER(SEARCH("VISITA",D22)),ISNUMBER(SEARCH("RUTA",D22)),ISNUMBER(SEARCH("ARRIB",D22)),ISNUMBER(SEARCH("MATRIZ",D22)),ISNUMBER(SEARCH("PENDIENTE",D22))),"VISITA COORDINADA CON EL CLIENTE","N/A")) -> N/A | G22: =IF(base!G22="","",base!G22) -> 001234 | H22: =IF(base!I22="","",base!I22) -> FLEX | I22: =IF(base!S22="","",base!S22) -> Prueba 20 | J22: =IF(base!T22="","",base!T22) -> Calle 123 Piso 2 | K22: =IF(base!U22="","",base!U22) | L22: =IF(base!Y22="","",base!Y22) | M22: =IF(base!AH22="","",base!AH22) | N22: =IF(base!AI22="","",base!AI22) -> 34.072273 | O22: =IF(base!BA22="","",base!BA22) -> 1875 | P22: =IF(base!BK22="","",base!BK22) -> 46303.806 | Q22: =IF(base!BS22="","",base!BS22)
A23: =IF(base!A23="","",base!A23) -> 6200021 | B23: =IF(base!BN23="","",base!BN23) -> 46303.625 | C23: =IF(base!C23="","",base!C23) -> ZETABURGOS SRL | D23: =IF(base!E23="","",base!E23) -> 1RVT - 1° VISITA | E23: =IF(base!BF23="","",base!BF23) | F23: =IF(D23="","",IF(OR(ISNUMBER(SEARCH("VISITA",D23)),ISNUMBER(SEARCH("RUTA",D23)),ISNUMBER(SEARCH("ARRIB",D23)),ISNUMBER(SEARCH("MATRIZ",D23)),ISNUMBER(SEARCH("PENDIENTE",D23))),"VISITA COORDINADA CON EL CLIENTE","N/A")) -> VISITA COORDINADA CON EL CLIENTE | G23: ="#ABC" -> #ABC | H23: =IF(base!I23="","",base!I23) -> SAMEDAY | I23: =IF(base!S23="","",base!S23) -> Prueba 21 | J23: =IF(base!T23="","",base!T23) -> Calle 123 Piso 2 | K23: =IF(base!U23="","",base!U23) | L23: =IF(base!Y23="","",base!Y23) | M23: =IF(base!AH23="","",base!AH23) | N23: =IF(base!AI23="","",base!AI23) -> 34.072273 | O23: =IF(base!BA23="","",base!BA23) -> 1875 | P23: =IF(base!BK23="","",base!BK23) -> 46303.806 | Q23: =IF(base!BS23="","",base!BS23)
A24: =IF(base!A24="","",base!A24) -> 6200022 | B24: =IF(base!BN24="","",base!BN24) -> 46303.625 | C24: =IF(base!C24="","",base!C24) -> ZETABURGOS SRL | D24: =IF(base!E24="","",base!E24) -> ENTREGADO | E24: =IF(base!BF24="","",base!BF24) | F24: =IF(D24="","",IF(OR(ISNUMBER(SEARCH("VISITA",D24)),ISNUMBER(SEARCH("RUTA",D24)),ISNUMBER(SEARCH("ARRIB",D24)),ISNUMBER(SEARCH("MATRIZ",D24)),ISNUMBER(SEARCH("PENDIENTE",D24))),"VISITA COORDINADA CON EL CLIENTE","N/A")) -> N/A | G24: =IF(base!G24="","",base!G24) -> 470123456 | H24: =IF(base!I24="","",base!I24) -> FLEX | I24: =IF(base!S24="","",base!S24) -> Prueba 22 | J24: =IF(base!T24="","",base!T24) -> Calle 123 Piso 2 | K24: =IF(base!U24="","",base!U24) | L24: =IF(base!Y24="","",base!Y24) | M24: =IF(base!AH24="","",base!AH24) | N24: =IF(base!AI24="","",base!AI24) -> 34.072273 | O24: =IF(base!BA24="","",base!BA24) -> 1875 | P24: =IF(base!BK24="","",base!BK24) -> 46303.806 | Q24: =IF(base!BS24="","",base!BS24)
A25: =IF(base!A25="","",base!A25) -> 6200023 | B25: =IF(base!BN25="","",base!BN25) -> 46303.625 | C25: =IF(base!C25="","",base!C25) -> ZETABURGOS SRL | D25: =IF(base!E25="","",base!E25) -> REPROGRAMACIÓN | E25: =IF(base!BF25="","",base!BF25) | F25: =IF(D25="","",IF(OR(ISNUMBER(SEARCH("VISITA",D25)),ISNUMBER(SEARCH("RUTA",D25)),ISNUMBER(SEARCH("ARRIB",D25)),ISNUMBER(SEARCH("MATRIZ",D25)),ISNUMBER(SEARCH("PENDIENTE",D25))),"VISITA COORDINADA CON EL CLIENTE","N/A")) -> N/A | G25: =IF(base!G25="","",base!G25) -> ABC001 | H25: =IF(base!I25="","",base!I25) -> SAMEDAY | I25: =IF(base!S25="","",base!S25) -> Prueba 23 | J25: =IF(base!T25="","",base!T25) -> Calle 123 Piso 2 | K25: =IF(base!U25="","",base!U25) | L25: =IF(base!Y25="","",base!Y25) | M25: =IF(base!AH25="","",base!AH25) | N25: =IF(base!AI25="","",base!AI25) -> 34.072273 | O25: =IF(base!BA25="","",base!BA25) -> 1875 | P25: =IF(base!BK25="","",base!BK25) -> 46303.806 | Q25: =IF(base!BS25="","",base!BS25)
A26: =IF(base!A26="","",base!A26) -> 6200024 | B26: =IF(base!BN26="","",base!BN26) -> 46303.625 | C26: =IF(base!C26="","",base!C26) -> ZETABURGOS SRL | D26: =IF(base!E26="","",base!E26) -> 1RVT - 1° VISITA | E26: =IF(base!BF26="","",base!BF26) | F26: =IF(D26="","",IF(OR(ISNUMBER(SEARCH("VISITA",D26)),ISNUMBER(SEARCH("RUTA",D26)),ISNUMBER(SEARCH("ARRIB",D26)),ISNUMBER(SEARCH("MATRIZ",D26)),ISNUMBER(SEARCH("PENDIENTE",D26))),"VISITA COORDINADA CON EL CLIENTE","N/A")) -> VISITA COORDINADA CON EL CLIENTE | G26: =IF(base!G26="","",base!G26) -> 2000018857041302 | H26: =IF(base!I26="","",base!I26) -> FLEX | I26: =IF(base!S26="","",base!S26) -> Prueba 24 | J26: =IF(base!T26="","",base!T26) -> Calle 123 Piso 2 | K26: =IF(base!U26="","",base!U26) | L26: =IF(base!Y26="","",base!Y26) | M26: =IF(base!AH26="","",base!AH26) | N26: =IF(base!AI26="","",base!AI26) -> 34.072273 | O26: =IF(base!BA26="","",base!BA26) -> 1875 | P26: =IF(base!BK26="","",base!BK26) -> 46303.806 | Q26: =IF(base!BS26="","",base!BS26)
A27: =IF(base!A27="","",base!A27) -> 6200025 | B27: =IF(base!BN27="","",base!BN27) -> 46303.625 | C27: =IF(base!C27="","",base!C27) -> ZETABURGOS SRL | D27: =IF(base!E27="","",base!E27) -> ENTREGADO | E27: =IF(base!BF27="","",base!BF27) | F27: =IF(D27="","",IF(OR(ISNUMBER(SEARCH("VISITA",D27)),ISNUMBER(SEARCH("RUTA",D27)),ISNUMBER(SEARCH("ARRIB",D27)),ISNUMBER(SEARCH("MATRIZ",D27)),ISNUMBER(SEARCH("PENDIENTE",D27))),"VISITA COORDINADA CON EL CLIENTE","N/A")) -> N/A | G27: =IF(base!G27="","",base!G27) -> 001234 | H27: =IF(base!I27="","",base!I27) -> FLEX | I27: =IF(base!S27="","",base!S27) -> Prueba 25 | J27: =IF(base!T27="","",base!T27) -> Calle 123 Piso 2 | K27: =IF(base!U27="","",base!U27) | L27: =IF(base!Y27="","",base!Y27) | M27: =IF(base!AH27="","",base!AH27) | N27: =IF(base!AI27="","",base!AI27) -> 34.072273 | O27: =IF(base!BA27="","",base!BA27) -> 1875 | P27: =IF(base!BK27="","",base!BK27) -> 46303.806 | Q27: =IF(base!BS27="","",base!BS27)
A28: =IF(base!A28="","",base!A28) -> 6200026 | B28: =IF(base!BN28="","",base!BN28) -> 46303.625 | C28: =IF(base!C28="","",base!C28) -> ZETABURGOS SRL | D28: =IF(base!E28="","",base!E28) -> REPROGRAMACIÓN | E28: =IF(base!BF28="","",base!BF28) | F28: =IF(D28="","",IF(OR(ISNUMBER(SEARCH("VISITA",D28)),ISNUMBER(SEARCH("RUTA",D28)),ISNUMBER(SEARCH("ARRIB",D28)),ISNUMBER(SEARCH("MATRIZ",D28)),ISNUMBER(SEARCH("PENDIENTE",D28))),"VISITA COORDINADA CON EL CLIENTE","N/A")) -> N/A | G28: ="#ABC" -> #ABC | H28: =IF(base!I28="","",base!I28) -> SAMEDAY | I28: =IF(base!S28="","",base!S28) -> Prueba 26 | J28: =IF(base!T28="","",base!T28) -> Calle 123 Piso 2 | K28: =IF(base!U28="","",base!U28) | L28: =IF(base!Y28="","",base!Y28) | M28: =IF(base!AH28="","",base!AH28) | N28: =IF(base!AI28="","",base!AI28) -> 34.072273 | O28: =IF(base!BA28="","",base!BA28) -> 1875 | P28: =IF(base!BK28="","",base!BK28) -> 46303.806 | Q28: =IF(base!BS28="","",base!BS28)
A29: =IF(base!A29="","",base!A29) -> 6200027 | B29: =IF(base!BN29="","",base!BN29) -> 46303.625 | C29: =IF(base!C29="","",base!C29) -> ZETABURGOS SRL | D29: =IF(base!E29="","",base!E29) -> 1RVT - 1° VISITA | E29: =IF(base!BF29="","",base!BF29) | F29: =IF(D29="","",IF(OR(ISNUMBER(SEARCH("VISITA",D29)),ISNUMBER(SEARCH("RUTA",D29)),ISNUMBER(SEARCH("ARRIB",D29)),ISNUMBER(SEARCH("MATRIZ",D29)),ISNUMBER(SEARCH("PENDIENTE",D29))),"VISITA COORDINADA CON EL CLIENTE","N/A")) -> VISITA COORDINADA CON EL CLIENTE | G29: =IF(base!G29="","",base!G29) -> 470123456 | H29: =IF(base!I29="","",base!I29) -> FLEX | I29: =IF(base!S29="","",base!S29) -> Prueba 27 | J29: =IF(base!T29="","",base!T29) -> Calle 123 Piso 2 | K29: =IF(base!U29="","",base!U29) | L29: =IF(base!Y29="","",base!Y29) | M29: =IF(base!AH29="","",base!AH29) | N29: =IF(base!AI29="","",base!AI29) -> 34.072273 | O29: =IF(base!BA29="","",base!BA29) -> 1875 | P29: =IF(base!BK29="","",base!BK29) -> 46303.806 | Q29: =IF(base!BS29="","",base!BS29)
A30: =IF(base!A30="","",base!A30) -> 6200028 | B30: =IF(base!BN30="","",base!BN30) -> 46303.625 | C30: =IF(base!C30="","",base!C30) -> ZETABURGOS SRL | D30: =IF(base!E30="","",base!E30) -> ENTREGADO | E30: =IF(base!BF30="","",base!BF30) | F30: =IF(D30="","",IF(OR(ISNUMBER(SEARCH("VISITA",D30)),ISNUMBER(SEARCH("RUTA",D30)),ISNUMBER(SEARCH("ARRIB",D30)),ISNUMBER(SEARCH("MATRIZ",D30)),ISNUMBER(SEARCH("PENDIENTE",D30))),"VISITA COORDINADA CON EL CLIENTE","N/A")) -> N/A | G30: =IF(base!G30="","",base!G30) -> ABC001 | H30: =IF(base!I30="","",base!I30) -> SAMEDAY | I30: =IF(base!S30="","",base!S30) -> Prueba 28 | J30: =IF(base!T30="","",base!T30) -> Calle 123 Piso 2 | K30: =IF(base!U30="","",base!U30) | L30: =IF(base!Y30="","",base!Y30) | M30: =IF(base!AH30="","",base!AH30) | N30: =IF(base!AI30="","",base!AI30) -> 34.072273 | O30: =IF(base!BA30="","",base!BA30) -> 1875 | P30: =IF(base!BK30="","",base!BK30) -> 46303.806 | Q30: =IF(base!BS30="","",base!BS30)
A31: =IF(base!A31="","",base!A31) -> 6200029 | B31: =IF(base!BN31="","",base!BN31) -> 46303.625 | C31: =IF(base!C31="","",base!C31) -> ZETABURGOS SRL | D31: =IF(base!E31="","",base!E31) -> REPROGRAMACIÓN | E31: =IF(base!BF31="","",base!BF31) | F31: =IF(D31="","",IF(OR(ISNUMBER(SEARCH("VISITA",D31)),ISNUMBER(SEARCH("RUTA",D31)),ISNUMBER(SEARCH("ARRIB",D31)),ISNUMBER(SEARCH("MATRIZ",D31)),ISNUMBER(SEARCH("PENDIENTE",D31))),"VISITA COORDINADA CON EL CLIENTE","N/A")) -> N/A | G31: =IF(base!G31="","",base!G31) -> 2000018857041302 | H31: =IF(base!I31="","",base!I31) -> FLEX | I31: =IF(base!S31="","",base!S31) -> Prueba 29 | J31: =IF(base!T31="","",base!T31) -> Calle 123 Piso 2 | K31: =IF(base!U31="","",base!U31) | L31: =IF(base!Y31="","",base!Y31) | M31: =IF(base!AH31="","",base!AH31) | N31: =IF(base!AI31="","",base!AI31) -> 34.072273 | O31: =IF(base!BA31="","",base!BA31) -> 1875 | P31: =IF(base!BK31="","",base!BK31) -> 46303.806 | Q31: =IF(base!BS31="","",base!BS31)
A32: =IF(base!A32="","",base!A32) -> 6200030 | B32: =IF(base!BN32="","",base!BN32) -> 46303.625 | C32: =IF(base!C32="","",base!C32) -> ZETABURGOS SRL | D32: =IF(base!E32="","",base!E32) -> 1RVT - 1° VISITA | E32: =IF(base!BF32="","",base!BF32) | F32: =IF(D32="","",IF(OR(ISNUMBER(SEARCH("VISITA",D32)),ISNUMBER(SEARCH("RUTA",D32)),ISNUMBER(SEARCH("ARRIB",D32)),ISNUMBER(SEARCH("MATRIZ",D32)),ISNUMBER(SEARCH("PENDIENTE",D32))),"VISITA COORDINADA CON EL CLIENTE","N/A")) -> VISITA COORDINADA CON EL CLIENTE | G32: =IF(base!G32="","",base!G32) -> 001234 | H32: =IF(base!I32="","",base!I32) -> FLEX | I32: =IF(base!S32="","",base!S32) -> Prueba 30 | J32: =IF(base!T32="","",base!T32) -> Calle 123 Piso 2 | K32: =IF(base!U32="","",base!U32) | L32: =IF(base!Y32="","",base!Y32) | M32: =IF(base!AH32="","",base!AH32) | N32: =IF(base!AI32="","",base!AI32) -> 34.072273 | O32: =IF(base!BA32="","",base!BA32) -> 1875 | P32: =IF(base!BK32="","",base!BK32) -> 46303.806 | Q32: =IF(base!BS32="","",base!BS32)
A33: =IF(base!A33="","",base!A33) -> 6200031 | B33: =IF(base!BN33="","",base!BN33) -> 46303.625 | C33: =IF(base!C33="","",base!C33) -> ZETABURGOS SRL | D33: =IF(base!E33="","",base!E33) -> ENTREGADO | E33: =IF(base!BF33="","",base!BF33) | F33: =IF(D33="","",IF(OR(ISNUMBER(SEARCH("VISITA",D33)),ISNUMBER(SEARCH("RUTA",D33)),ISNUMBER(SEARCH("ARRIB",D33)),ISNUMBER(SEARCH("MATRIZ",D33)),ISNUMBER(SEARCH("PENDIENTE",D33))),"VISITA COORDINADA CON EL CLIENTE","N/A")) -> N/A | G33: ="#ABC" -> #ABC | H33: =IF(base!I33="","",base!I33) -> SAMEDAY | I33: =IF(base!S33="","",base!S33) -> Prueba 31 | J33: =IF(base!T33="","",base!T33) -> Calle 123 Piso 2 | K33: =IF(base!U33="","",base!U33) | L33: =IF(base!Y33="","",base!Y33) | M33: =IF(base!AH33="","",base!AH33) | N33: =IF(base!AI33="","",base!AI33) -> 34.072273 | O33: =IF(base!BA33="","",base!BA33) -> 1875 | P33: =IF(base!BK33="","",base!BK33) -> 46303.806 | Q33: =IF(base!BS33="","",base!BS33)
A34: =IF(base!A34="","",base!A34) -> 6200032 | B34: =IF(base!BN34="","",base!BN34) -> 46303.625 | C34: =IF(base!C34="","",base!C34) -> ZETABURGOS SRL | D34: =IF(base!E34="","",base!E34) -> REPROGRAMACIÓN | E34: =IF(base!BF34="","",base!BF34) | F34: =IF(D34="","",IF(OR(ISNUMBER(SEARCH("VISITA",D34)),ISNUMBER(SEARCH("RUTA",D34)),ISNUMBER(SEARCH("ARRIB",D34)),ISNUMBER(SEARCH("MATRIZ",D34)),ISNUMBER(SEARCH("PENDIENTE",D34))),"VISITA COORDINADA CON EL CLIENTE","N/A")) -> N/A | G34: =IF(base!G34="","",base!G34) -> 470123456 | H34: =IF(base!I34="","",base!I34) -> FLEX | I34: =IF(base!S34="","",base!S34) -> Prueba 32 | J34: =IF(base!T34="","",base!T34) -> Calle 123 Piso 2 | K34: =IF(base!U34="","",base!U34) | L34: =IF(base!Y34="","",base!Y34) | M34: =IF(base!AH34="","",base!AH34) | N34: =IF(base!AI34="","",base!AI34) -> 34.072273 | O34: =IF(base!BA34="","",base!BA34) -> 1875 | P34: =IF(base!BK34="","",base!BK34) -> 46303.806 | Q34: =IF(base!BS34="","",base!BS34)
A35: =IF(base!A35="","",base!A35) -> 6200033 | B35: =IF(base!BN35="","",base!BN35) -> 46303.625 | C35: =IF(base!C35="","",base!C35) -> ZETABURGOS SRL | D35: =IF(base!E35="","",base!E35) -> 1RVT - 1° VISITA | E35: =IF(base!BF35="","",base!BF35) | F35: =IF(D35="","",IF(OR(ISNUMBER(SEARCH("VISITA",D35)),ISNUMBER(SEARCH("RUTA",D35)),ISNUMBER(SEARCH("ARRIB",D35)),ISNUMBER(SEARCH("MATRIZ",D35)),ISNUMBER(SEARCH("PENDIENTE",D35))),"VISITA COORDINADA CON EL CLIENTE","N/A")) -> VISITA COORDINADA CON EL CLIENTE | G35: =IF(base!G35="","",base!G35) -> ABC001 | H35: =IF(base!I35="","",base!I35) -> SAMEDAY | I35: =IF(base!S35="","",base!S35) -> Prueba 33 | J35: =IF(base!T35="","",base!T35) -> Calle 123 Piso 2 | K35: =IF(base!U35="","",base!U35) | L35: =IF(base!Y35="","",base!Y35) | M35: =IF(base!AH35="","",base!AH35) | N35: =IF(base!AI35="","",base!AI35) -> 34.072273 | O35: =IF(base!BA35="","",base!BA35) -> 1875 | P35: =IF(base!BK35="","",base!BK35) -> 46303.806 | Q35: =IF(base!BS35="","",base!BS35)
A36: =IF(base!A36="","",base!A36) -> 6200034 | B36: =IF(base!BN36="","",base!BN36) -> 46303.625 | C36: =IF(base!C36="","",base!C36) -> ZETABURGOS SRL | D36: =IF(base!E36="","",base!E36) -> ENTREGADO | E36: =IF(base!BF36="","",base!BF36) | F36: =IF(D36="","",IF(OR(ISNUMBER(SEARCH("VISITA",D36)),ISNUMBER(SEARCH("RUTA",D36)),ISNUMBER(SEARCH("ARRIB",D36)),ISNUMBER(SEARCH("MATRIZ",D36)),ISNUMBER(SEARCH("PENDIENTE",D36))),"VISITA COORDINADA CON EL CLIENTE","N/A")) -> N/A | G36: =IF(base!G36="","",base!G36) -> 2000018857041302 | H36: =IF(base!I36="","",base!I36) -> FLEX | I36: =IF(base!S36="","",base!S36) -> Prueba 34 | J36: =IF(base!T36="","",base!T36) -> Calle 123 Piso 2 | K36: =IF(base!U36="","",base!U36) | L36: =IF(base!Y36="","",base!Y36) | M36: =IF(base!AH36="","",base!AH36) | N36: =IF(base!AI36="","",base!AI36) -> 34.072273 | O36: =IF(base!BA36="","",base!BA36) -> 1875 | P36: =IF(base!BK36="","",base!BK36) -> 46303.806 | Q36: =IF(base!BS36="","",base!BS36)
A37: =IF(base!A37="","",base!A37) -> 6200035 | B37: =IF(base!BN37="","",base!BN37) -> 46303.625 | C37: =IF(base!C37="","",base!C37) -> ZETABURGOS SRL | D37: =IF(base!E37="","",base!E37) -> REPROGRAMACIÓN | E37: =IF(base!BF37="","",base!BF37) | F37: =IF(D37="","",IF(OR(ISNUMBER(SEARCH("VISITA",D37)),ISNUMBER(SEARCH("RUTA",D37)),ISNUMBER(SEARCH("ARRIB",D37)),ISNUMBER(SEARCH("MATRIZ",D37)),ISNUMBER(SEARCH("PENDIENTE",D37))),"VISITA COORDINADA CON EL CLIENTE","N/A")) -> N/A | G37: =IF(base!G37="","",base!G37) -> 001234 | H37: =IF(base!I37="","",base!I37) -> FLEX | I37: =IF(base!S37="","",base!S37) -> Prueba 35 | J37: =IF(base!T37="","",base!T37) -> Calle 123 Piso 2 | K37: =IF(base!U37="","",base!U37) | L37: =IF(base!Y37="","",base!Y37) | M37: =IF(base!AH37="","",base!AH37) | N37: =IF(base!AI37="","",base!AI37) -> 34.072273 | O37: =IF(base!BA37="","",base!BA37) -> 1875 | P37: =IF(base!BK37="","",base!BK37) -> 46303.806 | Q37: =IF(base!BS37="","",base!BS37)
A38: =IF(base!A38="","",base!A38) -> 6200036 | B38: =IF(base!BN38="","",base!BN38) -> 46303.625 | C38: =IF(base!C38="","",base!C38) -> ZETABURGOS SRL | D38: =IF(base!E38="","",base!E38) -> 1RVT - 1° VISITA | E38: =IF(base!BF38="","",base!BF38) | F38: =IF(D38="","",IF(OR(ISNUMBER(SEARCH("VISITA",D38)),ISNUMBER(SEARCH("RUTA",D38)),ISNUMBER(SEARCH("ARRIB",D38)),ISNUMBER(SEARCH("MATRIZ",D38)),ISNUMBER(SEARCH("PENDIENTE",D38))),"VISITA COORDINADA CON EL CLIENTE","N/A")) -> VISITA COORDINADA CON EL CLIENTE | G38: ="#ABC" -> #ABC | H38: =IF(base!I38="","",base!I38) -> SAMEDAY | I38: =IF(base!S38="","",base!S38) -> Prueba 36 | J38: =IF(base!T38="","",base!T38) -> Calle 123 Piso 2 | K38: =IF(base!U38="","",base!U38) | L38: =IF(base!Y38="","",base!Y38) | M38: =IF(base!AH38="","",base!AH38) | N38: =IF(base!AI38="","",base!AI38) -> 34.072273 | O38: =IF(base!BA38="","",base!BA38) -> 1875 | P38: =IF(base!BK38="","",base!BK38) -> 46303.806 | Q38: =IF(base!BS38="","",base!BS38)
A39: =IF(base!A39="","",base!A39) -> 6200037 | B39: =IF(base!BN39="","",base!BN39) -> 46303.625 | C39: =IF(base!C39="","",base!C39) -> ZETABURGOS SRL | D39: =IF(base!E39="","",base!E39) -> ENTREGADO | E39: =IF(base!BF39="","",base!BF39) | F39: =IF(D39="","",IF(OR(ISNUMBER(SEARCH("VISITA",D39)),ISNUMBER(SEARCH("RUTA",D39)),ISNUMBER(SEARCH("ARRIB",D39)),ISNUMBER(SEARCH("MATRIZ",D39)),ISNUMBER(SEARCH("PENDIENTE",D39))),"VISITA COORDINADA CON EL CLIENTE","N/A")) -> N/A | G39: =IF(base!G39="","",base!G39) -> 470123456 | H39: =IF(base!I39="","",base!I39) -> FLEX | I39: =IF(base!S39="","",base!S39) -> Prueba 37 | J39: =IF(base!T39="","",base!T39) -> Calle 123 Piso 2 | K39: =IF(base!U39="","",base!U39) | L39: =IF(base!Y39="","",base!Y39) | M39: =IF(base!AH39="","",base!AH39) | N39: =IF(base!AI39="","",base!AI39) -> 34.072273 | O39: =IF(base!BA39="","",base!BA39) -> 1875 | P39: =IF(base!BK39="","",base!BK39) -> 46303.806 | Q39: =IF(base!BS39="","",base!BS39)
A40: =IF(base!A40="","",base!A40) -> 6200038 | B40: =IF(base!BN40="","",base!BN40) -> 46303.625 | C40: =IF(base!C40="","",base!C40) -> ZETABURGOS SRL | D40: =IF(base!E40="","",base!E40) -> REPROGRAMACIÓN | E40: =IF(base!BF40="","",base!BF40) | F40: =IF(D40="","",IF(OR(ISNUMBER(SEARCH("VISITA",D40)),ISNUMBER(SEARCH("RUTA",D40)),ISNUMBER(SEARCH("ARRIB",D40)),ISNUMBER(SEARCH("MATRIZ",D40)),ISNUMBER(SEARCH("PENDIENTE",D40))),"VISITA COORDINADA CON EL CLIENTE","N/A")) -> N/A | G40: =IF(base!G40="","",base!G40) -> ABC001 | H40: =IF(base!I40="","",base!I40) -> SAMEDAY | I40: =IF(base!S40="","",base!S40) -> Prueba 38 | J40: =IF(base!T40="","",base!T40) -> Calle 123 Piso 2 | K40: =IF(base!U40="","",base!U40) | L40: =IF(base!Y40="","",base!Y40) | M40: =IF(base!AH40="","",base!AH40) | N40: =IF(base!AI40="","",base!AI40) -> 34.072273 | O40: =IF(base!BA40="","",base!BA40) -> 1875 | P40: =IF(base!BK40="","",base!BK40) -> 46303.806 | Q40: =IF(base!BS40="","",base!BS40)
A41: =IF(base!A41="","",base!A41) -> 6200039 | B41: =IF(base!BN41="","",base!BN41) -> 46303.625 | C41: =IF(base!C41="","",base!C41) -> ZETABURGOS SRL | D41: =IF(base!E41="","",base!E41) -> 1RVT - 1° VISITA | E41: =IF(base!BF41="","",base!BF41) | F41: =IF(D41="","",IF(OR(ISNUMBER(SEARCH("VISITA",D41)),ISNUMBER(SEARCH("RUTA",D41)),ISNUMBER(SEARCH("ARRIB",D41)),ISNUMBER(SEARCH("MATRIZ",D41)),ISNUMBER(SEARCH("PENDIENTE",D41))),"VISITA COORDINADA CON EL CLIENTE","N/A")) -> VISITA COORDINADA CON EL CLIENTE | G41: =IF(base!G41="","",base!G41) -> 2000018857041302 | H41: =IF(base!I41="","",base!I41) -> FLEX | I41: =IF(base!S41="","",base!S41) -> Prueba 39 | J41: =IF(base!T41="","",base!T41) -> Calle 123 Piso 2 | K41: =IF(base!U41="","",base!U41) | L41: =IF(base!Y41="","",base!Y41) | M41: =IF(base!AH41="","",base!AH41) | N41: =IF(base!AI41="","",base!AI41) -> 34.072273 | O41: =IF(base!BA41="","",base!BA41) -> 1875 | P41: =IF(base!BK41="","",base!BK41) -> 46303.806 | Q41: =IF(base!BS41="","",base!BS41)
A42: =IF(base!A42="","",base!A42) -> 6200040 | B42: =IF(base!BN42="","",base!BN42) -> 46303.625 | C42: =IF(base!C42="","",base!C42) -> ZETABURGOS SRL | D42: =IF(base!E42="","",base!E42) -> ENTREGADO | E42: =IF(base!BF42="","",base!BF42) | F42: =IF(D42="","",IF(OR(ISNUMBER(SEARCH("VISITA",D42)),ISNUMBER(SEARCH("RUTA",D42)),ISNUMBER(SEARCH("ARRIB",D42)),ISNUMBER(SEARCH("MATRIZ",D42)),ISNUMBER(SEARCH("PENDIENTE",D42))),"VISITA COORDINADA CON EL CLIENTE","N/A")) -> N/A | G42: =IF(base!G42="","",base!G42) -> 001234 | H42: =IF(base!I42="","",base!I42) -> FLEX | I42: =IF(base!S42="","",base!S42) -> Prueba 40 | J42: =IF(base!T42="","",base!T42) -> Calle 123 Piso 2 | K42: =IF(base!U42="","",base!U42) | L42: =IF(base!Y42="","",base!Y42) | M42: =IF(base!AH42="","",base!AH42) | N42: =IF(base!AI42="","",base!AI42) -> 34.072273 | O42: =IF(base!BA42="","",base!BA42) -> 1875 | P42: =IF(base!BK42="","",base!BK42) -> 46303.806 | Q42: =IF(base!BS42="","",base!BS42)
A43: =IF(base!A43="","",base!A43) -> 6200041 | B43: =IF(base!BN43="","",base!BN43) -> 46303.625 | C43: =IF(base!C43="","",base!C43) -> ZETABURGOS SRL | D43: =IF(base!E43="","",base!E43) -> REPROGRAMACIÓN | E43: =IF(base!BF43="","",base!BF43) | F43: =IF(D43="","",IF(OR(ISNUMBER(SEARCH("VISITA",D43)),ISNUMBER(SEARCH("RUTA",D43)),ISNUMBER(SEARCH("ARRIB",D43)),ISNUMBER(SEARCH("MATRIZ",D43)),ISNUMBER(SEARCH("PENDIENTE",D43))),"VISITA COORDINADA CON EL CLIENTE","N/A")) -> N/A | G43: ="#ABC" -> #ABC | H43: =IF(base!I43="","",base!I43) -> SAMEDAY | I43: =IF(base!S43="","",base!S43) -> Prueba 41 | J43: =IF(base!T43="","",base!T43) -> Calle 123 Piso 2 | K43: =IF(base!U43="","",base!U43) | L43: =IF(base!Y43="","",base!Y43) | M43: =IF(base!AH43="","",base!AH43) | N43: =IF(base!AI43="","",base!AI43) -> 34.072273 | O43: =IF(base!BA43="","",base!BA43) -> 1875 | P43: =IF(base!BK43="","",base!BK43) -> 46303.806 | Q43: =IF(base!BS43="","",base!BS43)
A44: =IF(base!A44="","",base!A44) -> 6200042 | B44: =IF(base!BN44="","",base!BN44) -> 46303.625 | C44: =IF(base!C44="","",base!C44) -> ZETABURGOS SRL | D44: =IF(base!E44="","",base!E44) -> 1RVT - 1° VISITA | E44: =IF(base!BF44="","",base!BF44) | F44: =IF(D44="","",IF(OR(ISNUMBER(SEARCH("VISITA",D44)),ISNUMBER(SEARCH("RUTA",D44)),ISNUMBER(SEARCH("ARRIB",D44)),ISNUMBER(SEARCH("MATRIZ",D44)),ISNUMBER(SEARCH("PENDIENTE",D44))),"VISITA COORDINADA CON EL CLIENTE","N/A")) -> VISITA COORDINADA CON EL CLIENTE | G44: =IF(base!G44="","",base!G44) -> 470123456 | H44: =IF(base!I44="","",base!I44) -> FLEX | I44: =IF(base!S44="","",base!S44) -> Prueba 42 | J44: =IF(base!T44="","",base!T44) -> Calle 123 Piso 2 | K44: =IF(base!U44="","",base!U44) | L44: =IF(base!Y44="","",base!Y44) | M44: =IF(base!AH44="","",base!AH44) | N44: =IF(base!AI44="","",base!AI44) -> 34.072273 | O44: =IF(base!BA44="","",base!BA44) -> 1875 | P44: =IF(base!BK44="","",base!BK44) -> 46303.806 | Q44: =IF(base!BS44="","",base!BS44)
A45: =IF(base!A45="","",base!A45) -> 6200043 | B45: =IF(base!BN45="","",base!BN45) -> 46303.625 | C45: =IF(base!C45="","",base!C45) -> ZETABURGOS SRL | D45: =IF(base!E45="","",base!E45) -> ENTREGADO | E45: =IF(base!BF45="","",base!BF45) | F45: =IF(D45="","",IF(OR(ISNUMBER(SEARCH("VISITA",D45)),ISNUMBER(SEARCH("RUTA",D45)),ISNUMBER(SEARCH("ARRIB",D45)),ISNUMBER(SEARCH("MATRIZ",D45)),ISNUMBER(SEARCH("PENDIENTE",D45))),"VISITA COORDINADA CON EL CLIENTE","N/A")) -> N/A | G45: =IF(base!G45="","",base!G45) -> ABC001 | H45: =IF(base!I45="","",base!I45) -> SAMEDAY | I45: =IF(base!S45="","",base!S45) -> Prueba 43 | J45: =IF(base!T45="","",base!T45) -> Calle 123 Piso 2 | K45: =IF(base!U45="","",base!U45) | L45: =IF(base!Y45="","",base!Y45) | M45: =IF(base!AH45="","",base!AH45) | N45: =IF(base!AI45="","",base!AI45) -> 34.072273 | O45: =IF(base!BA45="","",base!BA45) -> 1875 | P45: =IF(base!BK45="","",base!BK45) -> 46303.806 | Q45: =IF(base!BS45="","",base!BS45)
A46: =IF(base!A46="","",base!A46) -> 6200044 | B46: =IF(base!BN46="","",base!BN46) -> 46303.625 | C46: =IF(base!C46="","",base!C46) -> ZETABURGOS SRL | D46: =IF(base!E46="","",base!E46) -> REPROGRAMACIÓN | E46: =IF(base!BF46="","",base!BF46) | F46: =IF(D46="","",IF(OR(ISNUMBER(SEARCH("VISITA",D46)),ISNUMBER(SEARCH("RUTA",D46)),ISNUMBER(SEARCH("ARRIB",D46)),ISNUMBER(SEARCH("MATRIZ",D46)),ISNUMBER(SEARCH("PENDIENTE",D46))),"VISITA COORDINADA CON EL CLIENTE","N/A")) -> N/A | G46: =IF(base!G46="","",base!G46) -> 2000018857041302 | H46: =IF(base!I46="","",base!I46) -> FLEX | I46: =IF(base!S46="","",base!S46) -> Prueba 44 | J46: =IF(base!T46="","",base!T46) -> Calle 123 Piso 2 | K46: =IF(base!U46="","",base!U46) | L46: =IF(base!Y46="","",base!Y46) | M46: =IF(base!AH46="","",base!AH46) | N46: =IF(base!AI46="","",base!AI46) -> 34.072273 | O46: =IF(base!BA46="","",base!BA46) -> 1875 | P46: =IF(base!BK46="","",base!BK46) -> 46303.806 | Q46: =IF(base!BS46="","",base!BS46)
A47: =IF(base!A47="","",base!A47) -> 6200045 | B47: =IF(base!BN47="","",base!BN47) -> 46303.625 | C47: =IF(base!C47="","",base!C47) -> ZETABURGOS SRL | D47: =IF(base!E47="","",base!E47) -> 1RVT - 1° VISITA | E47: =IF(base!BF47="","",base!BF47) | F47: =IF(D47="","",IF(OR(ISNUMBER(SEARCH("VISITA",D47)),ISNUMBER(SEARCH("RUTA",D47)),ISNUMBER(SEARCH("ARRIB",D47)),ISNUMBER(SEARCH("MATRIZ",D47)),ISNUMBER(SEARCH("PENDIENTE",D47))),"VISITA COORDINADA CON EL CLIENTE","N/A")) -> VISITA COORDINADA CON EL CLIENTE | G47: =IF(base!G47="","",base!G47) -> 001234 | H47: =IF(base!I47="","",base!I47) -> FLEX | I47: =IF(base!S47="","",base!S47) -> Prueba 45 | J47: =IF(base!T47="","",base!T47) -> Calle 123 Piso 2 | K47: =IF(base!U47="","",base!U47) | L47: =IF(base!Y47="","",base!Y47) | M47: =IF(base!AH47="","",base!AH47) | N47: =IF(base!AI47="","",base!AI47) -> 34.072273 | O47: =IF(base!BA47="","",base!BA47) -> 1875 | P47: =IF(base!BK47="","",base!BK47) -> 46303.806 | Q47: =IF(base!BS47="","",base!BS47)
A48: =IF(base!A48="","",base!A48) -> 6200046 | B48: =IF(base!BN48="","",base!BN48) -> 46303.625 | C48: =IF(base!C48="","",base!C48) -> ZETABURGOS SRL | D48: =IF(base!E48="","",base!E48) -> ENTREGADO | E48: =IF(base!BF48="","",base!BF48) | F48: =IF(D48="","",IF(OR(ISNUMBER(SEARCH("VISITA",D48)),ISNUMBER(SEARCH("RUTA",D48)),ISNUMBER(SEARCH("ARRIB",D48)),ISNUMBER(SEARCH("MATRIZ",D48)),ISNUMBER(SEARCH("PENDIENTE",D48))),"VISITA COORDINADA CON EL CLIENTE","N/A")) -> N/A | G48: ="#ABC" -> #ABC | H48: =IF(base!I48="","",base!I48) -> SAMEDAY | I48: =IF(base!S48="","",base!S48) -> Prueba 46 | J48: =IF(base!T48="","",base!T48) -> Calle 123 Piso 2 | K48: =IF(base!U48="","",base!U48) | L48: =IF(base!Y48="","",base!Y48) | M48: =IF(base!AH48="","",base!AH48) | N48: =IF(base!AI48="","",base!AI48) -> 34.072273 | O48: =IF(base!BA48="","",base!BA48) -> 1875 | P48: =IF(base!BK48="","",base!BK48) -> 46303.806 | Q48: =IF(base!BS48="","",base!BS48)
A49: =IF(base!A49="","",base!A49) -> 6200047 | B49: =IF(base!BN49="","",base!BN49) -> 46303.625 | C49: =IF(base!C49="","",base!C49) -> ZETABURGOS SRL | D49: =IF(base!E49="","",base!E49) -> REPROGRAMACIÓN | E49: =IF(base!BF49="","",base!BF49) | F49: =IF(D49="","",IF(OR(ISNUMBER(SEARCH("VISITA",D49)),ISNUMBER(SEARCH("RUTA",D49)),ISNUMBER(SEARCH("ARRIB",D49)),ISNUMBER(SEARCH("MATRIZ",D49)),ISNUMBER(SEARCH("PENDIENTE",D49))),"VISITA COORDINADA CON EL CLIENTE","N/A")) -> N/A | G49: =IF(base!G49="","",base!G49) -> 470123456 | H49: =IF(base!I49="","",base!I49) -> FLEX | I49: =IF(base!S49="","",base!S49) -> Prueba 47 | J49: =IF(base!T49="","",base!T49) -> Calle 123 Piso 2 | K49: =IF(base!U49="","",base!U49) | L49: =IF(base!Y49="","",base!Y49) | M49: =IF(base!AH49="","",base!AH49) | N49: =IF(base!AI49="","",base!AI49) -> 34.072273 | O49: =IF(base!BA49="","",base!BA49) -> 1875 | P49: =IF(base!BK49="","",base!BK49) -> 46303.806 | Q49: =IF(base!BS49="","",base!BS49)
A50: =IF(base!A50="","",base!A50) -> 6200048 | B50: =IF(base!BN50="","",base!BN50) -> 46303.625 | C50: =IF(base!C50="","",base!C50) -> ZETABURGOS SRL | D50: =IF(base!E50="","",base!E50) -> 1RVT - 1° VISITA | E50: =IF(base!BF50="","",base!BF50) | F50: =IF(D50="","",IF(OR(ISNUMBER(SEARCH("VISITA",D50)),ISNUMBER(SEARCH("RUTA",D50)),ISNUMBER(SEARCH("ARRIB",D50)),ISNUMBER(SEARCH("MATRIZ",D50)),ISNUMBER(SEARCH("PENDIENTE",D50))),"VISITA COORDINADA CON EL CLIENTE","N/A")) -> VISITA COORDINADA CON EL CLIENTE | G50: =IF(base!G50="","",base!G50) -> ABC001 | H50: =IF(base!I50="","",base!I50) -> SAMEDAY | I50: =IF(base!S50="","",base!S50) -> Prueba 48 | J50: =IF(base!T50="","",base!T50) -> Calle 123 Piso 2 | K50: =IF(base!U50="","",base!U50) | L50: =IF(base!Y50="","",base!Y50) | M50: =IF(base!AH50="","",base!AH50) | N50: =IF(base!AI50="","",base!AI50) -> 34.072273 | O50: =IF(base!BA50="","",base!BA50) -> 1875 | P50: =IF(base!BK50="","",base!BK50) -> 46303.806 | Q50: =IF(base!BS50="","",base!BS50)
A51: =IF(base!A51="","",base!A51) -> 6200049 | B51: =IF(base!BN51="","",base!BN51) -> 46303.625 | C51: =IF(base!C51="","",base!C51) -> ZETABURGOS SRL | D51: =IF(base!E51="","",base!E51) -> ENTREGADO | E51: =IF(base!BF51="","",base!BF51) | F51: =IF(D51="","",IF(OR(ISNUMBER(SEARCH("VISITA",D51)),ISNUMBER(SEARCH("RUTA",D51)),ISNUMBER(SEARCH("ARRIB",D51)),ISNUMBER(SEARCH("MATRIZ",D51)),ISNUMBER(SEARCH("PENDIENTE",D51))),"VISITA COORDINADA CON EL CLIENTE","N/A")) -> N/A | G51: =IF(base!G51="","",base!G51) -> 2000018857041302 | H51: =IF(base!I51="","",base!I51) -> FLEX | I51: =IF(base!S51="","",base!S51) -> Prueba 49 | J51: =IF(base!T51="","",base!T51) -> Calle 123 Piso 2 | K51: =IF(base!U51="","",base!U51) | L51: =IF(base!Y51="","",base!Y51) | M51: =IF(base!AH51="","",base!AH51) | N51: =IF(base!AI51="","",base!AI51) -> 34.072273 | O51: =IF(base!BA51="","",base!BA51) -> 1875 | P51: =IF(base!BK51="","",base!BK51) -> 46303.806 | Q51: =IF(base!BS51="","",base!BS51)
A52: =IF(base!A52="","",base!A52) -> 6200050 | B52: =IF(base!BN52="","",base!BN52) -> 46303.625 | C52: =IF(base!C52="","",base!C52) -> ZETABURGOS SRL | D52: =IF(base!E52="","",base!E52) -> REPROGRAMACIÓN | E52: =IF(base!BF52="","",base!BF52) | F52: =IF(D52="","",IF(OR(ISNUMBER(SEARCH("VISITA",D52)),ISNUMBER(SEARCH("RUTA",D52)),ISNUMBER(SEARCH("ARRIB",D52)),ISNUMBER(SEARCH("MATRIZ",D52)),ISNUMBER(SEARCH("PENDIENTE",D52))),"VISITA COORDINADA CON EL CLIENTE","N/A")) -> N/A | G52: =IF(base!G52="","",base!G52) -> 001234 | H52: =IF(base!I52="","",base!I52) -> FLEX | I52: =IF(base!S52="","",base!S52) -> Prueba 50 | J52: =IF(base!T52="","",base!T52) -> Calle 123 Piso 2 | K52: =IF(base!U52="","",base!U52) | L52: =IF(base!Y52="","",base!Y52) | M52: =IF(base!AH52="","",base!AH52) | N52: =IF(base!AI52="","",base!AI52) -> 34.072273 | O52: =IF(base!BA52="","",base!BA52) -> 1875 | P52: =IF(base!BK52="","",base!BK52) -> 46303.806 | Q52: =IF(base!BS52="","",base!BS52)
A53: =IF(base!A53="","",base!A53) -> 6200051 | B53: =IF(base!BN53="","",base!BN53) -> 46303.625 | C53: =IF(base!C53="","",base!C53) -> ZETABURGOS SRL | D53: =IF(base!E53="","",base!E53) -> 1RVT - 1° VISITA | E53: =IF(base!BF53="","",base!BF53) | F53: =IF(D53="","",IF(OR(ISNUMBER(SEARCH("VISITA",D53)),ISNUMBER(SEARCH("RUTA",D53)),ISNUMBER(SEARCH("ARRIB",D53)),ISNUMBER(SEARCH("MATRIZ",D53)),ISNUMBER(SEARCH("PENDIENTE",D53))),"VISITA COORDINADA CON EL CLIENTE","N/A")) -> VISITA COORDINADA CON EL CLIENTE | G53: ="#ABC" -> #ABC | H53: =IF(base!I53="","",base!I53) -> SAMEDAY | I53: =IF(base!S53="","",base!S53) -> Prueba 51 | J53: =IF(base!T53="","",base!T53) -> Calle 123 Piso 2 | K53: =IF(base!U53="","",base!U53) | L53: =IF(base!Y53="","",base!Y53) | M53: =IF(base!AH53="","",base!AH53) | N53: =IF(base!AI53="","",base!AI53) -> 34.072273 | O53: =IF(base!BA53="","",base!BA53) -> 1875 | P53: =IF(base!BK53="","",base!BK53) -> 46303.806 | Q53: =IF(base!BS53="","",base!BS53)
A54: =IF(base!A54="","",base!A54) -> 6200052 | B54: =IF(base!BN54="","",base!BN54) -> 46303.625 | C54: =IF(base!C54="","",base!C54) -> ZETABURGOS SRL | D54: =IF(base!E54="","",base!E54) -> ENTREGADO | E54: =IF(base!BF54="","",base!BF54) | F54: =IF(D54="","",IF(OR(ISNUMBER(SEARCH("VISITA",D54)),ISNUMBER(SEARCH("RUTA",D54)),ISNUMBER(SEARCH("ARRIB",D54)),ISNUMBER(SEARCH("MATRIZ",D54)),ISNUMBER(SEARCH("PENDIENTE",D54))),"VISITA COORDINADA CON EL CLIENTE","N/A")) -> N/A | G54: =IF(base!G54="","",base!G54) -> 470123456 | H54: =IF(base!I54="","",base!I54) -> FLEX | I54: =IF(base!S54="","",base!S54) -> Prueba 52 | J54: =IF(base!T54="","",base!T54) -> Calle 123 Piso 2 | K54: =IF(base!U54="","",base!U54) | L54: =IF(base!Y54="","",base!Y54) | M54: =IF(base!AH54="","",base!AH54) | N54: =IF(base!AI54="","",base!AI54) -> 34.072273 | O54: =IF(base!BA54="","",base!BA54) -> 1875 | P54: =IF(base!BK54="","",base!BK54) -> 46303.806 | Q54: =IF(base!BS54="","",base!BS54)
A55: =IF(base!A55="","",base!A55) -> 6200053 | B55: =IF(base!BN55="","",base!BN55) -> 46303.625 | C55: =IF(base!C55="","",base!C55) -> ZETABURGOS SRL | D55: =IF(base!E55="","",base!E55) -> REPROGRAMACIÓN | E55: =IF(base!BF55="","",base!BF55) | F55: =IF(D55="","",IF(OR(ISNUMBER(SEARCH("VISITA",D55)),ISNUMBER(SEARCH("RUTA",D55)),ISNUMBER(SEARCH("ARRIB",D55)),ISNUMBER(SEARCH("MATRIZ",D55)),ISNUMBER(SEARCH("PENDIENTE",D55))),"VISITA COORDINADA CON EL CLIENTE","N/A")) -> N/A | G55: =IF(base!G55="","",base!G55) -> ABC001 | H55: =IF(base!I55="","",base!I55) -> SAMEDAY | I55: =IF(base!S55="","",base!S55) -> Prueba 53 | J55: =IF(base!T55="","",base!T55) -> Calle 123 Piso 2 | K55: =IF(base!U55="","",base!U55) | L55: =IF(base!Y55="","",base!Y55) | M55: =IF(base!AH55="","",base!AH55) | N55: =IF(base!AI55="","",base!AI55) -> 34.072273 | O55: =IF(base!BA55="","",base!BA55) -> 1875 | P55: =IF(base!BK55="","",base!BK55) -> 46303.806 | Q55: =IF(base!BS55="","",base!BS55)
A56: =IF(base!A56="","",base!A56) -> 6200054 | B56: =IF(base!BN56="","",base!BN56) -> 46303.625 | C56: =IF(base!C56="","",base!C56) -> ZETABURGOS SRL | D56: =IF(base!E56="","",base!E56) -> 1RVT - 1° VISITA | E56: =IF(base!BF56="","",base!BF56) | F56: =IF(D56="","",IF(OR(ISNUMBER(SEARCH("VISITA",D56)),ISNUMBER(SEARCH("RUTA",D56)),ISNUMBER(SEARCH("ARRIB",D56)),ISNUMBER(SEARCH("MATRIZ",D56)),ISNUMBER(SEARCH("PENDIENTE",D56))),"VISITA COORDINADA CON EL CLIENTE","N/A")) -> VISITA COORDINADA CON EL CLIENTE | G56: =IF(base!G56="","",base!G56) -> 2000018857041302 | H56: =IF(base!I56="","",base!I56) -> FLEX | I56: =IF(base!S56="","",base!S56) -> Prueba 54 | J56: =IF(base!T56="","",base!T56) -> Calle 123 Piso 2 | K56: =IF(base!U56="","",base!U56) | L56: =IF(base!Y56="","",base!Y56) | M56: =IF(base!AH56="","",base!AH56) | N56: =IF(base!AI56="","",base!AI56) -> 34.072273 | O56: =IF(base!BA56="","",base!BA56) -> 1875 | P56: =IF(base!BK56="","",base!BK56) -> 46303.806 | Q56: =IF(base!BS56="","",base!BS56)
A57: =IF(base!A57="","",base!A57) -> 6200055 | B57: =IF(base!BN57="","",base!BN57) -> 46303.625 | C57: =IF(base!C57="","",base!C57) -> ZETABURGOS SRL | D57: =IF(base!E57="","",base!E57) -> ENTREGADO | E57: =IF(base!BF57="","",base!BF57) | F57: =IF(D57="","",IF(OR(ISNUMBER(SEARCH("VISITA",D57)),ISNUMBER(SEARCH("RUTA",D57)),ISNUMBER(SEARCH("ARRIB",D57)),ISNUMBER(SEARCH("MATRIZ",D57)),ISNUMBER(SEARCH("PENDIENTE",D57))),"VISITA COORDINADA CON EL CLIENTE","N/A")) -> N/A | G57: =IF(base!G57="","",base!G57) -> 001234 | H57: =IF(base!I57="","",base!I57) -> FLEX | I57: =IF(base!S57="","",base!S57) -> Prueba 55 | J57: =IF(base!T57="","",base!T57) -> Calle 123 Piso 2 | K57: =IF(base!U57="","",base!U57) | L57: =IF(base!Y57="","",base!Y57) | M57: =IF(base!AH57="","",base!AH57) | N57: =IF(base!AI57="","",base!AI57) -> 34.072273 | O57: =IF(base!BA57="","",base!BA57) -> 1875 | P57: =IF(base!BK57="","",base!BK57) -> 46303.806 | Q57: =IF(base!BS57="","",base!BS57)
A58: =IF(base!A58="","",base!A58) -> 6200056 | B58: =IF(base!BN58="","",base!BN58) -> 46303.625 | C58: =IF(base!C58="","",base!C58) -> ZETABURGOS SRL | D58: =IF(base!E58="","",base!E58) -> REPROGRAMACIÓN | E58: =IF(base!BF58="","",base!BF58) | F58: =IF(D58="","",IF(OR(ISNUMBER(SEARCH("VISITA",D58)),ISNUMBER(SEARCH("RUTA",D58)),ISNUMBER(SEARCH("ARRIB",D58)),ISNUMBER(SEARCH("MATRIZ",D58)),ISNUMBER(SEARCH("PENDIENTE",D58))),"VISITA COORDINADA CON EL CLIENTE","N/A")) -> N/A | G58: ="#ABC" -> #ABC | H58: =IF(base!I58="","",base!I58) -> SAMEDAY | I58: =IF(base!S58="","",base!S58) -> Prueba 56 | J58: =IF(base!T58="","",base!T58) -> Calle 123 Piso 2 | K58: =IF(base!U58="","",base!U58) | L58: =IF(base!Y58="","",base!Y58) | M58: =IF(base!AH58="","",base!AH58) | N58: =IF(base!AI58="","",base!AI58) -> 34.072273 | O58: =IF(base!BA58="","",base!BA58) -> 1875 | P58: =IF(base!BK58="","",base!BK58) -> 46303.806 | Q58: =IF(base!BS58="","",base!BS58)
A59: =IF(base!A59="","",base!A59) -> 6200057 | B59: =IF(base!BN59="","",base!BN59) -> 46303.625 | C59: =IF(base!C59="","",base!C59) -> ZETABURGOS SRL | D59: =IF(base!E59="","",base!E59) -> 1RVT - 1° VISITA | E59: =IF(base!BF59="","",base!BF59) | F59: =IF(D59="","",IF(OR(ISNUMBER(SEARCH("VISITA",D59)),ISNUMBER(SEARCH("RUTA",D59)),ISNUMBER(SEARCH("ARRIB",D59)),ISNUMBER(SEARCH("MATRIZ",D59)),ISNUMBER(SEARCH("PENDIENTE",D59))),"VISITA COORDINADA CON EL CLIENTE","N/A")) -> VISITA COORDINADA CON EL CLIENTE | G59: =IF(base!G59="","",base!G59) -> 470123456 | H59: =IF(base!I59="","",base!I59) -> FLEX | I59: =IF(base!S59="","",base!S59) -> Prueba 57 | J59: =IF(base!T59="","",base!T59) -> Calle 123 Piso 2 | K59: =IF(base!U59="","",base!U59) | L59: =IF(base!Y59="","",base!Y59) | M59: =IF(base!AH59="","",base!AH59) | N59: =IF(base!AI59="","",base!AI59) -> 34.072273 | O59: =IF(base!BA59="","",base!BA59) -> 1875 | P59: =IF(base!BK59="","",base!BK59) -> 46303.806 | Q59: =IF(base!BS59="","",base!BS59)
A60: =IF(base!A60="","",base!A60) -> 6200058 | B60: =IF(base!BN60="","",base!BN60) -> 46303.625 | C60: =IF(base!C60="","",base!C60) -> ZETABURGOS SRL | D60: =IF(base!E60="","",base!E60) -> ENTREGADO | E60: =IF(base!BF60="","",base!BF60) | F60: =IF(D60="","",IF(OR(ISNUMBER(SEARCH("VISITA",D60)),ISNUMBER(SEARCH("RUTA",D60)),ISNUMBER(SEARCH("ARRIB",D60)),ISNUMBER(SEARCH("MATRIZ",D60)),ISNUMBER(SEARCH("PENDIENTE",D60))),"VISITA COORDINADA CON EL CLIENTE","N/A")) -> N/A | G60: =IF(base!G60="","",base!G60) -> ABC001 | H60: =IF(base!I60="","",base!I60) -> SAMEDAY | I60: =IF(base!S60="","",base!S60) -> Prueba 58 | J60: =IF(base!T60="","",base!T60) -> Calle 123 Piso 2 | K60: =IF(base!U60="","",base!U60) | L60: =IF(base!Y60="","",base!Y60) | M60: =IF(base!AH60="","",base!AH60) | N60: =IF(base!AI60="","",base!AI60) -> 34.072273 | O60: =IF(base!BA60="","",base!BA60) -> 1875 | P60: =IF(base!BK60="","",base!BK60) -> 46303.806 | Q60: =IF(base!BS60="","",base!BS60)
A61: =IF(base!A61="","",base!A61) -> 6200059 | B61: =IF(base!BN61="","",base!BN61) -> 46303.625 | C61: =IF(base!C61="","",base!C61) -> ZETABURGOS SRL | D61: =IF(base!E61="","",base!E61) -> REPROGRAMACIÓN | E61: =IF(base!BF61="","",base!BF61) | F61: =IF(D61="","",IF(OR(ISNUMBER(SEARCH("VISITA",D61)),ISNUMBER(SEARCH("RUTA",D61)),ISNUMBER(SEARCH("ARRIB",D61)),ISNUMBER(SEARCH("MATRIZ",D61)),ISNUMBER(SEARCH("PENDIENTE",D61))),"VISITA COORDINADA CON EL CLIENTE","N/A")) -> N/A | G61: =IF(base!G61="","",base!G61) -> 2000018857041302 | H61: =IF(base!I61="","",base!I61) -> FLEX | I61: =IF(base!S61="","",base!S61) -> Prueba 59 | J61: =IF(base!T61="","",base!T61) -> Calle 123 Piso 2 | K61: =IF(base!U61="","",base!U61) | L61: =IF(base!Y61="","",base!Y61) | M61: =IF(base!AH61="","",base!AH61) | N61: =IF(base!AI61="","",base!AI61) -> 34.072273 | O61: =IF(base!BA61="","",base!BA61) -> 1875 | P61: =IF(base!BK61="","",base!BK61) -> 46303.806 | Q61: =IF(base!BS61="","",base!BS61)
A62: =IF(base!A62="","",base!A62) -> 6200060 | B62: =IF(base!BN62="","",base!BN62) -> 46303.625 | C62: =IF(base!C62="","",base!C62) -> ZETABURGOS SRL | D62: =IF(base!E62="","",base!E62) -> 1RVT - 1° VISITA | E62: =IF(base!BF62="","",base!BF62) | F62: =IF(D62="","",IF(OR(ISNUMBER(SEARCH("VISITA",D62)),ISNUMBER(SEARCH("RUTA",D62)),ISNUMBER(SEARCH("ARRIB",D62)),ISNUMBER(SEARCH("MATRIZ",D62)),ISNUMBER(SEARCH("PENDIENTE",D62))),"VISITA COORDINADA CON EL CLIENTE","N/A")) -> VISITA COORDINADA CON EL CLIENTE | G62: =IF(base!G62="","",base!G62) -> 001234 | H62: =IF(base!I62="","",base!I62) -> FLEX | I62: =IF(base!S62="","",base!S62) -> Prueba 60 | J62: =IF(base!T62="","",base!T62) -> Calle 123 Piso 2 | K62: =IF(base!U62="","",base!U62) | L62: =IF(base!Y62="","",base!Y62) | M62: =IF(base!AH62="","",base!AH62) | N62: =IF(base!AI62="","",base!AI62) -> 34.072273 | O62: =IF(base!BA62="","",base!BA62) -> 1875 | P62: =IF(base!BK62="","",base!BK62) -> 46303.806 | Q62: =IF(base!BS62="","",base!BS62)
A63: =IF(base!A63="","",base!A63) -> 6200061 | B63: =IF(base!BN63="","",base!BN63) -> 46303.625 | C63: =IF(base!C63="","",base!C63) -> ZETABURGOS SRL | D63: =IF(base!E63="","",base!E63) -> ENTREGADO | E63: =IF(base!BF63="","",base!BF63) | F63: =IF(D63="","",IF(OR(ISNUMBER(SEARCH("VISITA",D63)),ISNUMBER(SEARCH("RUTA",D63)),ISNUMBER(SEARCH("ARRIB",D63)),ISNUMBER(SEARCH("MATRIZ",D63)),ISNUMBER(SEARCH("PENDIENTE",D63))),"VISITA COORDINADA CON EL CLIENTE","N/A")) -> N/A | G63: ="#ABC" -> #ABC | H63: =IF(base!I63="","",base!I63) -> SAMEDAY | I63: =IF(base!S63="","",base!S63) -> Prueba 61 | J63: =IF(base!T63="","",base!T63) -> Calle 123 Piso 2 | K63: =IF(base!U63="","",base!U63) | L63: =IF(base!Y63="","",base!Y63) | M63: =IF(base!AH63="","",base!AH63) | N63: =IF(base!AI63="","",base!AI63) -> 34.072273 | O63: =IF(base!BA63="","",base!BA63) -> 1875 | P63: =IF(base!BK63="","",base!BK63) -> 46303.806 | Q63: =IF(base!BS63="","",base!BS63)
A64: =IF(base!A64="","",base!A64) -> 6200062 | B64: =IF(base!BN64="","",base!BN64) -> 46303.625 | C64: =IF(base!C64="","",base!C64) -> ZETABURGOS SRL | D64: =IF(base!E64="","",base!E64) -> REPROGRAMACIÓN | E64: =IF(base!BF64="","",base!BF64) | F64: =IF(D64="","",IF(OR(ISNUMBER(SEARCH("VISITA",D64)),ISNUMBER(SEARCH("RUTA",D64)),ISNUMBER(SEARCH("ARRIB",D64)),ISNUMBER(SEARCH("MATRIZ",D64)),ISNUMBER(SEARCH("PENDIENTE",D64))),"VISITA COORDINADA CON EL CLIENTE","N/A")) -> N/A | G64: =IF(base!G64="","",base!G64) -> 470123456 | H64: =IF(base!I64="","",base!I64) -> FLEX | I64: =IF(base!S64="","",base!S64) -> Prueba 62 | J64: =IF(base!T64="","",base!T64) -> Calle 123 Piso 2 | K64: =IF(base!U64="","",base!U64) | L64: =IF(base!Y64="","",base!Y64) | M64: =IF(base!AH64="","",base!AH64) | N64: =IF(base!AI64="","",base!AI64) -> 34.072273 | O64: =IF(base!BA64="","",base!BA64) -> 1875 | P64: =IF(base!BK64="","",base!BK64) -> 46303.806 | Q64: =IF(base!BS64="","",base!BS64)
A65: =IF(base!A65="","",base!A65) -> 6200063 | B65: =IF(base!BN65="","",base!BN65) -> 46303.625 | C65: =IF(base!C65="","",base!C65) -> ZETABURGOS SRL | D65: =IF(base!E65="","",base!E65) -> 1RVT - 1° VISITA | E65: =IF(base!BF65="","",base!BF65) | F65: =IF(D65="","",IF(OR(ISNUMBER(SEARCH("VISITA",D65)),ISNUMBER(SEARCH("RUTA",D65)),ISNUMBER(SEARCH("ARRIB",D65)),ISNUMBER(SEARCH("MATRIZ",D65)),ISNUMBER(SEARCH("PENDIENTE",D65))),"VISITA COORDINADA CON EL CLIENTE","N/A")) -> VISITA COORDINADA CON EL CLIENTE | G65: =IF(base!G65="","",base!G65) -> ABC001 | H65: =IF(base!I65="","",base!I65) -> SAMEDAY | I65: =IF(base!S65="","",base!S65) -> Prueba 63 | J65: =IF(base!T65="","",base!T65) -> Calle 123 Piso 2 | K65: =IF(base!U65="","",base!U65) | L65: =IF(base!Y65="","",base!Y65) | M65: =IF(base!AH65="","",base!AH65) | N65: =IF(base!AI65="","",base!AI65) -> 34.072273 | O65: =IF(base!BA65="","",base!BA65) -> 1875 | P65: =IF(base!BK65="","",base!BK65) -> 46303.806 | Q65: =IF(base!BS65="","",base!BS65)
A66: =IF(base!A66="","",base!A66) -> 6200064 | B66: =IF(base!BN66="","",base!BN66) -> 46303.625 | C66: =IF(base!C66="","",base!C66) -> ZETABURGOS SRL | D66: =IF(base!E66="","",base!E66) -> ENTREGADO | E66: =IF(base!BF66="","",base!BF66) | F66: =IF(D66="","",IF(OR(ISNUMBER(SEARCH("VISITA",D66)),ISNUMBER(SEARCH("RUTA",D66)),ISNUMBER(SEARCH("ARRIB",D66)),ISNUMBER(SEARCH("MATRIZ",D66)),ISNUMBER(SEARCH("PENDIENTE",D66))),"VISITA COORDINADA CON EL CLIENTE","N/A")) -> N/A | G66: =IF(base!G66="","",base!G66) -> 2000018857041302 | H66: =IF(base!I66="","",base!I66) -> FLEX | I66: =IF(base!S66="","",base!S66) -> Prueba 64 | J66: =IF(base!T66="","",base!T66) -> Calle 123 Piso 2 | K66: =IF(base!U66="","",base!U66) | L66: =IF(base!Y66="","",base!Y66) | M66: =IF(base!AH66="","",base!AH66) | N66: =IF(base!AI66="","",base!AI66) -> 34.072273 | O66: =IF(base!BA66="","",base!BA66) -> 1875 | P66: =IF(base!BK66="","",base!BK66) -> 46303.806 | Q66: =IF(base!BS66="","",base!BS66)
A67: =IF(base!A67="","",base!A67) -> 6200065 | B67: =IF(base!BN67="","",base!BN67) -> 46303.625 | C67: =IF(base!C67="","",base!C67) -> ZETABURGOS SRL | D67: =IF(base!E67="","",base!E67) -> REPROGRAMACIÓN | E67: =IF(base!BF67="","",base!BF67) | F67: =IF(D67="","",IF(OR(ISNUMBER(SEARCH("VISITA",D67)),ISNUMBER(SEARCH("RUTA",D67)),ISNUMBER(SEARCH("ARRIB",D67)),ISNUMBER(SEARCH("MATRIZ",D67)),ISNUMBER(SEARCH("PENDIENTE",D67))),"VISITA COORDINADA CON EL CLIENTE","N/A")) -> N/A | G67: =IF(base!G67="","",base!G67) -> 001234 | H67: =IF(base!I67="","",base!I67) -> FLEX | I67: =IF(base!S67="","",base!S67) -> Prueba 65 | J67: =IF(base!T67="","",base!T67) -> Calle 123 Piso 2 | K67: =IF(base!U67="","",base!U67) | L67: =IF(base!Y67="","",base!Y67) | M67: =IF(base!AH67="","",base!AH67) | N67: =IF(base!AI67="","",base!AI67) -> 34.072273 | O67: =IF(base!BA67="","",base!BA67) -> 1875 | P67: =IF(base!BK67="","",base!BK67) -> 46303.806 | Q67: =IF(base!BS67="","",base!BS67)
A68: =IF(base!A68="","",base!A68) -> 6200066 | B68: =IF(base!BN68="","",base!BN68) -> 46303.625 | C68: =IF(base!C68="","",base!C68) -> ZETABURGOS SRL | D68: =IF(base!E68="","",base!E68) -> 1RVT - 1° VISITA | E68: =IF(base!BF68="","",base!BF68) | F68: =IF(D68="","",IF(OR(ISNUMBER(SEARCH("VISITA",D68)),ISNUMBER(SEARCH("RUTA",D68)),ISNUMBER(SEARCH("ARRIB",D68)),ISNUMBER(SEARCH("MATRIZ",D68)),ISNUMBER(SEARCH("PENDIENTE",D68))),"VISITA COORDINADA CON EL CLIENTE","N/A")) -> VISITA COORDINADA CON EL CLIENTE | G68: ="#ABC" -> #ABC | H68: =IF(base!I68="","",base!I68) -> SAMEDAY | I68: =IF(base!S68="","",base!S68) -> Prueba 66 | J68: =IF(base!T68="","",base!T68) -> Calle 123 Piso 2 | K68: =IF(base!U68="","",base!U68) | L68: =IF(base!Y68="","",base!Y68) | M68: =IF(base!AH68="","",base!AH68) | N68: =IF(base!AI68="","",base!AI68) -> 34.072273 | O68: =IF(base!BA68="","",base!BA68) -> 1875 | P68: =IF(base!BK68="","",base!BK68) -> 46303.806 | Q68: =IF(base!BS68="","",base!BS68)
A69: =IF(base!A69="","",base!A69) -> 6200067 | B69: =IF(base!BN69="","",base!BN69) -> 46303.625 | C69: =IF(base!C69="","",base!C69) -> ZETABURGOS SRL | D69: =IF(base!E69="","",base!E69) -> ENTREGADO | E69: =IF(base!BF69="","",base!BF69) | F69: =IF(D69="","",IF(OR(ISNUMBER(SEARCH("VISITA",D69)),ISNUMBER(SEARCH("RUTA",D69)),ISNUMBER(SEARCH("ARRIB",D69)),ISNUMBER(SEARCH("MATRIZ",D69)),ISNUMBER(SEARCH("PENDIENTE",D69))),"VISITA COORDINADA CON EL CLIENTE","N/A")) -> N/A | G69: =IF(base!G69="","",base!G69) -> 470123456 | H69: =IF(base!I69="","",base!I69) -> FLEX | I69: =IF(base!S69="","",base!S69) -> Prueba 67 | J69: =IF(base!T69="","",base!T69) -> Calle 123 Piso 2 | K69: =IF(base!U69="","",base!U69) | L69: =IF(base!Y69="","",base!Y69) | M69: =IF(base!AH69="","",base!AH69) | N69: =IF(base!AI69="","",base!AI69) -> 34.072273 | O69: =IF(base!BA69="","",base!BA69) -> 1875 | P69: =IF(base!BK69="","",base!BK69) -> 46303.806 | Q69: =IF(base!BS69="","",base!BS69)
A70: =IF(base!A70="","",base!A70) -> 6200068 | B70: =IF(base!BN70="","",base!BN70) -> 46303.625 | C70: =IF(base!C70="","",base!C70) -> ZETABURGOS SRL | D70: =IF(base!E70="","",base!E70) -> REPROGRAMACIÓN | E70: =IF(base!BF70="","",base!BF70) | F70: =IF(D70="","",IF(OR(ISNUMBER(SEARCH("VISITA",D70)),ISNUMBER(SEARCH("RUTA",D70)),ISNUMBER(SEARCH("ARRIB",D70)),ISNUMBER(SEARCH("MATRIZ",D70)),ISNUMBER(SEARCH("PENDIENTE",D70))),"VISITA COORDINADA CON EL CLIENTE","N/A")) -> N/A | G70: =IF(base!G70="","",base!G70) -> ABC001 | H70: =IF(base!I70="","",base!I70) -> SAMEDAY | I70: =IF(base!S70="","",base!S70) -> Prueba 68 | J70: =IF(base!T70="","",base!T70) -> Calle 123 Piso 2 | K70: =IF(base!U70="","",base!U70) | L70: =IF(base!Y70="","",base!Y70) | M70: =IF(base!AH70="","",base!AH70) | N70: =IF(base!AI70="","",base!AI70) -> 34.072273 | O70: =IF(base!BA70="","",base!BA70) -> 1875 | P70: =IF(base!BK70="","",base!BK70) -> 46303.806 | Q70: =IF(base!BS70="","",base!BS70)
A71: =IF(base!A71="","",base!A71) -> 6200069 | B71: =IF(base!BN71="","",base!BN71) -> 46303.625 | C71: =IF(base!C71="","",base!C71) -> ZETABURGOS SRL | D71: =IF(base!E71="","",base!E71) -> 1RVT - 1° VISITA | E71: =IF(base!BF71="","",base!BF71) | F71: =IF(D71="","",IF(OR(ISNUMBER(SEARCH("VISITA",D71)),ISNUMBER(SEARCH("RUTA",D71)),ISNUMBER(SEARCH("ARRIB",D71)),ISNUMBER(SEARCH("MATRIZ",D71)),ISNUMBER(SEARCH("PENDIENTE",D71))),"VISITA COORDINADA CON EL CLIENTE","N/A")) -> VISITA COORDINADA CON EL CLIENTE | G71: =IF(base!G71="","",base!G71) -> 2000018857041302 | H71: =IF(base!I71="","",base!I71) -> FLEX | I71: =IF(base!S71="","",base!S71) -> Prueba 69 | J71: =IF(base!T71="","",base!T71) -> Calle 123 Piso 2 | K71: =IF(base!U71="","",base!U71) | L71: =IF(base!Y71="","",base!Y71) | M71: =IF(base!AH71="","",base!AH71) | N71: =IF(base!AI71="","",base!AI71) -> 34.072273 | O71: =IF(base!BA71="","",base!BA71) -> 1875 | P71: =IF(base!BK71="","",base!BK71) -> 46303.806 | Q71: =IF(base!BS71="","",base!BS71)
A72: =IF(base!A72="","",base!A72) -> 6200070 | B72: =IF(base!BN72="","",base!BN72) -> 46303.625 | C72: =IF(base!C72="","",base!C72) -> ZETABURGOS SRL | D72: =IF(base!E72="","",base!E72) -> ENTREGADO | E72: =IF(base!BF72="","",base!BF72) | F72: =IF(D72="","",IF(OR(ISNUMBER(SEARCH("VISITA",D72)),ISNUMBER(SEARCH("RUTA",D72)),ISNUMBER(SEARCH("ARRIB",D72)),ISNUMBER(SEARCH("MATRIZ",D72)),ISNUMBER(SEARCH("PENDIENTE",D72))),"VISITA COORDINADA CON EL CLIENTE","N/A")) -> N/A | G72: =IF(base!G72="","",base!G72) -> 001234 | H72: =IF(base!I72="","",base!I72) -> FLEX | I72: =IF(base!S72="","",base!S72) -> Prueba 70 | J72: =IF(base!T72="","",base!T72) -> Calle 123 Piso 2 | K72: =IF(base!U72="","",base!U72) | L72: =IF(base!Y72="","",base!Y72) | M72: =IF(base!AH72="","",base!AH72) | N72: =IF(base!AI72="","",base!AI72) -> 34.072273 | O72: =IF(base!BA72="","",base!BA72) -> 1875 | P72: =IF(base!BK72="","",base!BK72) -> 46303.806 | Q72: =IF(base!BS72="","",base!BS72)
A73: =IF(base!A73="","",base!A73) -> 6200071 | B73: =IF(base!BN73="","",base!BN73) -> 46303.625 | C73: =IF(base!C73="","",base!C73) -> ZETABURGOS SRL | D73: =IF(base!E73="","",base!E73) -> REPROGRAMACIÓN | E73: =IF(base!BF73="","",base!BF73) | F73: =IF(D73="","",IF(OR(ISNUMBER(SEARCH("VISITA",D73)),ISNUMBER(SEARCH("RUTA",D73)),ISNUMBER(SEARCH("ARRIB",D73)),ISNUMBER(SEARCH("MATRIZ",D73)),ISNUMBER(SEARCH("PENDIENTE",D73))),"VISITA COORDINADA CON EL CLIENTE","N/A")) -> N/A | G73: ="#ABC" -> #ABC | H73: =IF(base!I73="","",base!I73) -> SAMEDAY | I73: =IF(base!S73="","",base!S73) -> Prueba 71 | J73: =IF(base!T73="","",base!T73) -> Calle 123 Piso 2 | K73: =IF(base!U73="","",base!U73) | L73: =IF(base!Y73="","",base!Y73) | M73: =IF(base!AH73="","",base!AH73) | N73: =IF(base!AI73="","",base!AI73) -> 34.072273 | O73: =IF(base!BA73="","",base!BA73) -> 1875 | P73: =IF(base!BK73="","",base!BK73) -> 46303.806 | Q73: =IF(base!BS73="","",base!BS73)
A74: =IF(base!A74="","",base!A74) -> 6200072 | B74: =IF(base!BN74="","",base!BN74) -> 46303.625 | C74: =IF(base!C74="","",base!C74) -> ZETABURGOS SRL | D74: =IF(base!E74="","",base!E74) -> 1RVT - 1° VISITA | E74: =IF(base!BF74="","",base!BF74) | F74: =IF(D74="","",IF(OR(ISNUMBER(SEARCH("VISITA",D74)),ISNUMBER(SEARCH("RUTA",D74)),ISNUMBER(SEARCH("ARRIB",D74)),ISNUMBER(SEARCH("MATRIZ",D74)),ISNUMBER(SEARCH("PENDIENTE",D74))),"VISITA COORDINADA CON EL CLIENTE","N/A")) -> VISITA COORDINADA CON EL CLIENTE | G74: =IF(base!G74="","",base!G74) -> 470123456 | H74: =IF(base!I74="","",base!I74) -> FLEX | I74: =IF(base!S74="","",base!S74) -> Prueba 72 | J74: =IF(base!T74="","",base!T74) -> Calle 123 Piso 2 | K74: =IF(base!U74="","",base!U74) | L74: =IF(base!Y74="","",base!Y74) | M74: =IF(base!AH74="","",base!AH74) | N74: =IF(base!AI74="","",base!AI74) -> 34.072273 | O74: =IF(base!BA74="","",base!BA74) -> 1875 | P74: =IF(base!BK74="","",base!BK74) -> 46303.806 | Q74: =IF(base!BS74="","",base!BS74)
A75: =IF(base!A75="","",base!A75) -> 6200073 | B75: =IF(base!BN75="","",base!BN75) -> 46303.625 | C75: =IF(base!C75="","",base!C75) -> ZETABURGOS SRL | D75: =IF(base!E75="","",base!E75) -> ENTREGADO | E75: =IF(base!BF75="","",base!BF75) | F75: =IF(D75="","",IF(OR(ISNUMBER(SEARCH("VISITA",D75)),ISNUMBER(SEARCH("RUTA",D75)),ISNUMBER(SEARCH("ARRIB",D75)),ISNUMBER(SEARCH("MATRIZ",D75)),ISNUMBER(SEARCH("PENDIENTE",D75))),"VISITA COORDINADA CON EL CLIENTE","N/A")) -> N/A | G75: =IF(base!G75="","",base!G75) -> ABC001 | H75: =IF(base!I75="","",base!I75) -> SAMEDAY | I75: =IF(base!S75="","",base!S75) -> Prueba 73 | J75: =IF(base!T75="","",base!T75) -> Calle 123 Piso 2 | K75: =IF(base!U75="","",base!U75) | L75: =IF(base!Y75="","",base!Y75) | M75: =IF(base!AH75="","",base!AH75) | N75: =IF(base!AI75="","",base!AI75) -> 34.072273 | O75: =IF(base!BA75="","",base!BA75) -> 1875 | P75: =IF(base!BK75="","",base!BK75) -> 46303.806 | Q75: =IF(base!BS75="","",base!BS75)
A76: =IF(base!A76="","",base!A76) -> 6200074 | B76: =IF(base!BN76="","",base!BN76) -> 46303.625 | C76: =IF(base!C76="","",base!C76) -> ZETABURGOS SRL | D76: =IF(base!E76="","",base!E76) -> REPROGRAMACIÓN | E76: =IF(base!BF76="","",base!BF76) | F76: =IF(D76="","",IF(OR(ISNUMBER(SEARCH("VISITA",D76)),ISNUMBER(SEARCH("RUTA",D76)),ISNUMBER(SEARCH("ARRIB",D76)),ISNUMBER(SEARCH("MATRIZ",D76)),ISNUMBER(SEARCH("PENDIENTE",D76))),"VISITA COORDINADA CON EL CLIENTE","N/A")) -> N/A | G76: =IF(base!G76="","",base!G76) -> 2000018857041302 | H76: =IF(base!I76="","",base!I76) -> FLEX | I76: =IF(base!S76="","",base!S76) -> Prueba 74 | J76: =IF(base!T76="","",base!T76) -> Calle 123 Piso 2 | K76: =IF(base!U76="","",base!U76) | L76: =IF(base!Y76="","",base!Y76) | M76: =IF(base!AH76="","",base!AH76) | N76: =IF(base!AI76="","",base!AI76) -> 34.072273 | O76: =IF(base!BA76="","",base!BA76) -> 1875 | P76: =IF(base!BK76="","",base!BK76) -> 46303.806 | Q76: =IF(base!BS76="","",base!BS76)
A77: =IF(base!A77="","",base!A77) -> 6200075 | B77: =IF(base!BN77="","",base!BN77) -> 46303.625 | C77: =IF(base!C77="","",base!C77) -> ZETABURGOS SRL | D77: =IF(base!E77="","",base!E77) -> 1RVT - 1° VISITA | E77: =IF(base!BF77="","",base!BF77) | F77: =IF(D77="","",IF(OR(ISNUMBER(SEARCH("VISITA",D77)),ISNUMBER(SEARCH("RUTA",D77)),ISNUMBER(SEARCH("ARRIB",D77)),ISNUMBER(SEARCH("MATRIZ",D77)),ISNUMBER(SEARCH("PENDIENTE",D77))),"VISITA COORDINADA CON EL CLIENTE","N/A")) -> VISITA COORDINADA CON EL CLIENTE | G77: =IF(base!G77="","",base!G77) -> 001234 | H77: =IF(base!I77="","",base!I77) -> FLEX | I77: =IF(base!S77="","",base!S77) -> Prueba 75 | J77: =IF(base!T77="","",base!T77) -> Calle 123 Piso 2 | K77: =IF(base!U77="","",base!U77) | L77: =IF(base!Y77="","",base!Y77) | M77: =IF(base!AH77="","",base!AH77) | N77: =IF(base!AI77="","",base!AI77) -> 34.072273 | O77: =IF(base!BA77="","",base!BA77) -> 1875 | P77: =IF(base!BK77="","",base!BK77) -> 46303.806 | Q77: =IF(base!BS77="","",base!BS77)
A78: =IF(base!A78="","",base!A78) -> 6200076 | B78: =IF(base!BN78="","",base!BN78) -> 46303.625 | C78: =IF(base!C78="","",base!C78) -> ZETABURGOS SRL | D78: =IF(base!E78="","",base!E78) -> ENTREGADO | E78: =IF(base!BF78="","",base!BF78) | F78: =IF(D78="","",IF(OR(ISNUMBER(SEARCH("VISITA",D78)),ISNUMBER(SEARCH("RUTA",D78)),ISNUMBER(SEARCH("ARRIB",D78)),ISNUMBER(SEARCH("MATRIZ",D78)),ISNUMBER(SEARCH("PENDIENTE",D78))),"VISITA COORDINADA CON EL CLIENTE","N/A")) -> N/A | G78: ="#ABC" -> #ABC | H78: =IF(base!I78="","",base!I78) -> SAMEDAY | I78: =IF(base!S78="","",base!S78) -> Prueba 76 | J78: =IF(base!T78="","",base!T78) -> Calle 123 Piso 2 | K78: =IF(base!U78="","",base!U78) | L78: =IF(base!Y78="","",base!Y78) | M78: =IF(base!AH78="","",base!AH78) | N78: =IF(base!AI78="","",base!AI78) -> 34.072273 | O78: =IF(base!BA78="","",base!BA78) -> 1875 | P78: =IF(base!BK78="","",base!BK78) -> 46303.806 | Q78: =IF(base!BS78="","",base!BS78)
A79: =IF(base!A79="","",base!A79) -> 6200077 | B79: =IF(base!BN79="","",base!BN79) -> 46303.625 | C79: =IF(base!C79="","",base!C79) -> ZETABURGOS SRL | D79: =IF(base!E79="","",base!E79) -> REPROGRAMACIÓN | E79: =IF(base!BF79="","",base!BF79) | F79: =IF(D79="","",IF(OR(ISNUMBER(SEARCH("VISITA",D79)),ISNUMBER(SEARCH("RUTA",D79)),ISNUMBER(SEARCH("ARRIB",D79)),ISNUMBER(SEARCH("MATRIZ",D79)),ISNUMBER(SEARCH("PENDIENTE",D79))),"VISITA COORDINADA CON EL CLIENTE","N/A")) -> N/A | G79: =IF(base!G79="","",base!G79) -> 470123456 | H79: =IF(base!I79="","",base!I79) -> FLEX | I79: =IF(base!S79="","",base!S79) -> Prueba 77 | J79: =IF(base!T79="","",base!T79) -> Calle 123 Piso 2 | K79: =IF(base!U79="","",base!U79) | L79: =IF(base!Y79="","",base!Y79) | M79: =IF(base!AH79="","",base!AH79) | N79: =IF(base!AI79="","",base!AI79) -> 34.072273 | O79: =IF(base!BA79="","",base!BA79) -> 1875 | P79: =IF(base!BK79="","",base!BK79) -> 46303.806 | Q79: =IF(base!BS79="","",base!BS79)
A80: =IF(base!A80="","",base!A80) -> 6200078 | B80: =IF(base!BN80="","",base!BN80) -> 46303.625 | C80: =IF(base!C80="","",base!C80) -> ZETABURGOS SRL | D80: =IF(base!E80="","",base!E80) -> 1RVT - 1° VISITA | E80: =IF(base!BF80="","",base!BF80) | F80: =IF(D80="","",IF(OR(ISNUMBER(SEARCH("VISITA",D80)),ISNUMBER(SEARCH("RUTA",D80)),ISNUMBER(SEARCH("ARRIB",D80)),ISNUMBER(SEARCH("MATRIZ",D80)),ISNUMBER(SEARCH("PENDIENTE",D80))),"VISITA COORDINADA CON EL CLIENTE","N/A")) -> VISITA COORDINADA CON EL CLIENTE | G80: =IF(base!G80="","",base!G80) -> ABC001 | H80: =IF(base!I80="","",base!I80) -> SAMEDAY | I80: =IF(base!S80="","",base!S80) -> Prueba 78 | J80: =IF(base!T80="","",base!T80) -> Calle 123 Piso 2 | K80: =IF(base!U80="","",base!U80) | L80: =IF(base!Y80="","",base!Y80) | M80: =IF(base!AH80="","",base!AH80) | N80: =IF(base!AI80="","",base!AI80) -> 34.072273 | O80: =IF(base!BA80="","",base!BA80) -> 1875 | P80: =IF(base!BK80="","",base!BK80) -> 46303.806 | Q80: =IF(base!BS80="","",base!BS80)
A81: =IF(base!A81="","",base!A81) -> 6200079 | B81: =IF(base!BN81="","",base!BN81) -> 46303.625 | C81: =IF(base!C81="","",base!C81) -> ZETABURGOS SRL | D81: =IF(base!E81="","",base!E81) -> ENTREGADO | E81: =IF(base!BF81="","",base!BF81) | F81: =IF(D81="","",IF(OR(ISNUMBER(SEARCH("VISITA",D81)),ISNUMBER(SEARCH("RUTA",D81)),ISNUMBER(SEARCH("ARRIB",D81)),ISNUMBER(SEARCH("MATRIZ",D81)),ISNUMBER(SEARCH("PENDIENTE",D81))),"VISITA COORDINADA CON EL CLIENTE","N/A")) -> N/A | G81: =IF(base!G81="","",base!G81) -> 2000018857041302 | H81: =IF(base!I81="","",base!I81) -> FLEX | I81: =IF(base!S81="","",base!S81) -> Prueba 79 | J81: =IF(base!T81="","",base!T81) -> Calle 123 Piso 2 | K81: =IF(base!U81="","",base!U81) | L81: =IF(base!Y81="","",base!Y81) | M81: =IF(base!AH81="","",base!AH81) | N81: =IF(base!AI81="","",base!AI81) -> 34.072273 | O81: =IF(base!BA81="","",base!BA81) -> 1875 | P81: =IF(base!BK81="","",base!BK81) -> 46303.806 | Q81: =IF(base!BS81="","",base!BS81)
A82: =IF(base!A82="","",base!A82) -> 6200080 | B82: =IF(base!BN82="","",base!BN82) -> 46303.625 | C82: =IF(base!C82="","",base!C82) -> ZETABURGOS SRL | D82: =IF(base!E82="","",base!E82) -> REPROGRAMACIÓN | E82: =IF(base!BF82="","",base!BF82) | F82: =IF(D82="","",IF(OR(ISNUMBER(SEARCH("VISITA",D82)),ISNUMBER(SEARCH("RUTA",D82)),ISNUMBER(SEARCH("ARRIB",D82)),ISNUMBER(SEARCH("MATRIZ",D82)),ISNUMBER(SEARCH("PENDIENTE",D82))),"VISITA COORDINADA CON EL CLIENTE","N/A")) -> N/A | G82: =IF(base!G82="","",base!G82) -> 001234 | H82: =IF(base!I82="","",base!I82) -> FLEX | I82: =IF(base!S82="","",base!S82) -> Prueba 80 | J82: =IF(base!T82="","",base!T82) -> Calle 123 Piso 2 | K82: =IF(base!U82="","",base!U82) | L82: =IF(base!Y82="","",base!Y82) | M82: =IF(base!AH82="","",base!AH82) | N82: =IF(base!AI82="","",base!AI82) -> 34.072273 | O82: =IF(base!BA82="","",base!BA82) -> 1875 | P82: =IF(base!BK82="","",base!BK82) -> 46303.806 | Q82: =IF(base!BS82="","",base!BS82)
A83: =IF(base!A83="","",base!A83) -> 6200081 | B83: =IF(base!BN83="","",base!BN83) -> 46303.625 | C83: =IF(base!C83="","",base!C83) -> ZETABURGOS SRL | D83: =IF(base!E83="","",base!E83) -> 1RVT - 1° VISITA | E83: =IF(base!BF83="","",base!BF83) | F83: =IF(D83="","",IF(OR(ISNUMBER(SEARCH("VISITA",D83)),ISNUMBER(SEARCH("RUTA",D83)),ISNUMBER(SEARCH("ARRIB",D83)),ISNUMBER(SEARCH("MATRIZ",D83)),ISNUMBER(SEARCH("PENDIENTE",D83))),"VISITA COORDINADA CON EL CLIENTE","N/A")) -> VISITA COORDINADA CON EL CLIENTE | G83: ="#ABC" -> #ABC | H83: =IF(base!I83="","",base!I83) -> SAMEDAY | I83: =IF(base!S83="","",base!S83) -> Prueba 81 | J83: =IF(base!T83="","",base!T83) -> Calle 123 Piso 2 | K83: =IF(base!U83="","",base!U83) | L83: =IF(base!Y83="","",base!Y83) | M83: =IF(base!AH83="","",base!AH83) | N83: =IF(base!AI83="","",base!AI83) -> 34.072273 | O83: =IF(base!BA83="","",base!BA83) -> 1875 | P83: =IF(base!BK83="","",base!BK83) -> 46303.806 | Q83: =IF(base!BS83="","",base!BS83)
A84: =IF(base!A84="","",base!A84) -> 6200082 | B84: =IF(base!BN84="","",base!BN84) -> 46303.625 | C84: =IF(base!C84="","",base!C84) -> ZETABURGOS SRL | D84: =IF(base!E84="","",base!E84) -> ENTREGADO | E84: =IF(base!BF84="","",base!BF84) | F84: =IF(D84="","",IF(OR(ISNUMBER(SEARCH("VISITA",D84)),ISNUMBER(SEARCH("RUTA",D84)),ISNUMBER(SEARCH("ARRIB",D84)),ISNUMBER(SEARCH("MATRIZ",D84)),ISNUMBER(SEARCH("PENDIENTE",D84))),"VISITA COORDINADA CON EL CLIENTE","N/A")) -> N/A | G84: =IF(base!G84="","",base!G84) -> 470123456 | H84: =IF(base!I84="","",base!I84) -> FLEX | I84: =IF(base!S84="","",base!S84) -> Prueba 82 | J84: =IF(base!T84="","",base!T84) -> Calle 123 Piso 2 | K84: =IF(base!U84="","",base!U84) | L84: =IF(base!Y84="","",base!Y84) | M84: =IF(base!AH84="","",base!AH84) | N84: =IF(base!AI84="","",base!AI84) -> 34.072273 | O84: =IF(base!BA84="","",base!BA84) -> 1875 | P84: =IF(base!BK84="","",base!BK84) -> 46303.806 | Q84: =IF(base!BS84="","",base!BS84)
A85: =IF(base!A85="","",base!A85) -> 6200083 | B85: =IF(base!BN85="","",base!BN85) -> 46303.625 | C85: =IF(base!C85="","",base!C85) -> ZETABURGOS SRL | D85: =IF(base!E85="","",base!E85) -> REPROGRAMACIÓN | E85: =IF(base!BF85="","",base!BF85) | F85: =IF(D85="","",IF(OR(ISNUMBER(SEARCH("VISITA",D85)),ISNUMBER(SEARCH("RUTA",D85)),ISNUMBER(SEARCH("ARRIB",D85)),ISNUMBER(SEARCH("MATRIZ",D85)),ISNUMBER(SEARCH("PENDIENTE",D85))),"VISITA COORDINADA CON EL CLIENTE","N/A")) -> N/A | G85: =IF(base!G85="","",base!G85) -> ABC001 | H85: =IF(base!I85="","",base!I85) -> SAMEDAY | I85: =IF(base!S85="","",base!S85) -> Prueba 83 | J85: =IF(base!T85="","",base!T85) -> Calle 123 Piso 2 | K85: =IF(base!U85="","",base!U85) | L85: =IF(base!Y85="","",base!Y85) | M85: =IF(base!AH85="","",base!AH85) | N85: =IF(base!AI85="","",base!AI85) -> 34.072273 | O85: =IF(base!BA85="","",base!BA85) -> 1875 | P85: =IF(base!BK85="","",base!BK85) -> 46303.806 | Q85: =IF(base!BS85="","",base!BS85)
A86: =IF(base!A86="","",base!A86) -> 6200084 | B86: =IF(base!BN86="","",base!BN86) -> 46303.625 | C86: =IF(base!C86="","",base!C86) -> ZETABURGOS SRL | D86: =IF(base!E86="","",base!E86) -> 1RVT - 1° VISITA | E86: =IF(base!BF86="","",base!BF86) | F86: =IF(D86="","",IF(OR(ISNUMBER(SEARCH("VISITA",D86)),ISNUMBER(SEARCH("RUTA",D86)),ISNUMBER(SEARCH("ARRIB",D86)),ISNUMBER(SEARCH("MATRIZ",D86)),ISNUMBER(SEARCH("PENDIENTE",D86))),"VISITA COORDINADA CON EL CLIENTE","N/A")) -> VISITA COORDINADA CON EL CLIENTE | G86: =IF(base!G86="","",base!G86) -> 2000018857041302 | H86: =IF(base!I86="","",base!I86) -> FLEX | I86: =IF(base!S86="","",base!S86) -> Prueba 84 | J86: =IF(base!T86="","",base!T86) -> Calle 123 Piso 2 | K86: =IF(base!U86="","",base!U86) | L86: =IF(base!Y86="","",base!Y86) | M86: =IF(base!AH86="","",base!AH86) | N86: =IF(base!AI86="","",base!AI86) -> 34.072273 | O86: =IF(base!BA86="","",base!BA86) -> 1875 | P86: =IF(base!BK86="","",base!BK86) -> 46303.806 | Q86: =IF(base!BS86="","",base!BS86)
A87: =IF(base!A87="","",base!A87) -> 6200085 | B87: =IF(base!BN87="","",base!BN87) -> 46303.625 | C87: =IF(base!C87="","",base!C87) -> ZETABURGOS SRL | D87: =IF(base!E87="","",base!E87) -> ENTREGADO | E87: =IF(base!BF87="","",base!BF87) | F87: =IF(D87="","",IF(OR(ISNUMBER(SEARCH("VISITA",D87)),ISNUMBER(SEARCH("RUTA",D87)),ISNUMBER(SEARCH("ARRIB",D87)),ISNUMBER(SEARCH("MATRIZ",D87)),ISNUMBER(SEARCH("PENDIENTE",D87))),"VISITA COORDINADA CON EL CLIENTE","N/A")) -> N/A | G87: =IF(base!G87="","",base!G87) -> 001234 | H87: =IF(base!I87="","",base!I87) -> FLEX | I87: =IF(base!S87="","",base!S87) -> Prueba 85 | J87: =IF(base!T87="","",base!T87) -> Calle 123 Piso 2 | K87: =IF(base!U87="","",base!U87) | L87: =IF(base!Y87="","",base!Y87) | M87: =IF(base!AH87="","",base!AH87) | N87: =IF(base!AI87="","",base!AI87) -> 34.072273 | O87: =IF(base!BA87="","",base!BA87) -> 1875 | P87: =IF(base!BK87="","",base!BK87) -> 46303.806 | Q87: =IF(base!BS87="","",base!BS87)
A88: =IF(base!A88="","",base!A88) -> 6200086 | B88: =IF(base!BN88="","",base!BN88) -> 46303.625 | C88: =IF(base!C88="","",base!C88) -> ZETABURGOS SRL | D88: =IF(base!E88="","",base!E88) -> REPROGRAMACIÓN | E88: =IF(base!BF88="","",base!BF88) | F88: =IF(D88="","",IF(OR(ISNUMBER(SEARCH("VISITA",D88)),ISNUMBER(SEARCH("RUTA",D88)),ISNUMBER(SEARCH("ARRIB",D88)),ISNUMBER(SEARCH("MATRIZ",D88)),ISNUMBER(SEARCH("PENDIENTE",D88))),"VISITA COORDINADA CON EL CLIENTE","N/A")) -> N/A | G88: ="#ABC" -> #ABC | H88: =IF(base!I88="","",base!I88) -> SAMEDAY | I88: =IF(base!S88="","",base!S88) -> Prueba 86 | J88: =IF(base!T88="","",base!T88) -> Calle 123 Piso 2 | K88: =IF(base!U88="","",base!U88) | L88: =IF(base!Y88="","",base!Y88) | M88: =IF(base!AH88="","",base!AH88) | N88: =IF(base!AI88="","",base!AI88) -> 34.072273 | O88: =IF(base!BA88="","",base!BA88) -> 1875 | P88: =IF(base!BK88="","",base!BK88) -> 46303.806 | Q88: =IF(base!BS88="","",base!BS88)
A89: =IF(base!A89="","",base!A89) -> 6200087 | B89: =IF(base!BN89="","",base!BN89) -> 46303.625 | C89: =IF(base!C89="","",base!C89) -> ZETABURGOS SRL | D89: =IF(base!E89="","",base!E89) -> 1RVT - 1° VISITA | E89: =IF(base!BF89="","",base!BF89) | F89: =IF(D89="","",IF(OR(ISNUMBER(SEARCH("VISITA",D89)),ISNUMBER(SEARCH("RUTA",D89)),ISNUMBER(SEARCH("ARRIB",D89)),ISNUMBER(SEARCH("MATRIZ",D89)),ISNUMBER(SEARCH("PENDIENTE",D89))),"VISITA COORDINADA CON EL CLIENTE","N/A")) -> VISITA COORDINADA CON EL CLIENTE | G89: =IF(base!G89="","",base!G89) -> 470123456 | H89: =IF(base!I89="","",base!I89) -> FLEX | I89: =IF(base!S89="","",base!S89) -> Prueba 87 | J89: =IF(base!T89="","",base!T89) -> Calle 123 Piso 2 | K89: =IF(base!U89="","",base!U89) | L89: =IF(base!Y89="","",base!Y89) | M89: =IF(base!AH89="","",base!AH89) | N89: =IF(base!AI89="","",base!AI89) -> 34.072273 | O89: =IF(base!BA89="","",base!BA89) -> 1875 | P89: =IF(base!BK89="","",base!BK89) -> 46303.806 | Q89: =IF(base!BS89="","",base!BS89)
A90: =IF(base!A90="","",base!A90) -> 6200088 | B90: =IF(base!BN90="","",base!BN90) -> 46303.625 | C90: =IF(base!C90="","",base!C90) -> ZETABURGOS SRL | D90: =IF(base!E90="","",base!E90) -> ENTREGADO | E90: =IF(base!BF90="","",base!BF90) | F90: =IF(D90="","",IF(OR(ISNUMBER(SEARCH("VISITA",D90)),ISNUMBER(SEARCH("RUTA",D90)),ISNUMBER(SEARCH("ARRIB",D90)),ISNUMBER(SEARCH("MATRIZ",D90)),ISNUMBER(SEARCH("PENDIENTE",D90))),"VISITA COORDINADA CON EL CLIENTE","N/A")) -> N/A | G90: =IF(base!G90="","",base!G90) -> ABC001 | H90: =IF(base!I90="","",base!I90) -> SAMEDAY | I90: =IF(base!S90="","",base!S90) -> Prueba 88 | J90: =IF(base!T90="","",base!T90) -> Calle 123 Piso 2 | K90: =IF(base!U90="","",base!U90) | L90: =IF(base!Y90="","",base!Y90) | M90: =IF(base!AH90="","",base!AH90) | N90: =IF(base!AI90="","",base!AI90) -> 34.072273 | O90: =IF(base!BA90="","",base!BA90) -> 1875 | P90: =IF(base!BK90="","",base!BK90) -> 46303.806 | Q90: =IF(base!BS90="","",base!BS90)
A91: =IF(base!A91="","",base!A91) -> 6200089 | B91: =IF(base!BN91="","",base!BN91) -> 46303.625 | C91: =IF(base!C91="","",base!C91) -> ZETABURGOS SRL | D91: =IF(base!E91="","",base!E91) -> REPROGRAMACIÓN | E91: =IF(base!BF91="","",base!BF91) | F91: =IF(D91="","",IF(OR(ISNUMBER(SEARCH("VISITA",D91)),ISNUMBER(SEARCH("RUTA",D91)),ISNUMBER(SEARCH("ARRIB",D91)),ISNUMBER(SEARCH("MATRIZ",D91)),ISNUMBER(SEARCH("PENDIENTE",D91))),"VISITA COORDINADA CON EL CLIENTE","N/A")) -> N/A | G91: =IF(base!G91="","",base!G91) -> 2000018857041302 | H91: =IF(base!I91="","",base!I91) -> FLEX | I91: =IF(base!S91="","",base!S91) -> Prueba 89 | J91: =IF(base!T91="","",base!T91) -> Calle 123 Piso 2 | K91: =IF(base!U91="","",base!U91) | L91: =IF(base!Y91="","",base!Y91) | M91: =IF(base!AH91="","",base!AH91) | N91: =IF(base!AI91="","",base!AI91) -> 34.072273 | O91: =IF(base!BA91="","",base!BA91) -> 1875 | P91: =IF(base!BK91="","",base!BK91) -> 46303.806 | Q91: =IF(base!BS91="","",base!BS91)
A92: =IF(base!A92="","",base!A92) -> 6200090 | B92: =IF(base!BN92="","",base!BN92) -> 46303.625 | C92: =IF(base!C92="","",base!C92) -> ZETABURGOS SRL | D92: =IF(base!E92="","",base!E92) -> 1RVT - 1° VISITA | E92: =IF(base!BF92="","",base!BF92) | F92: =IF(D92="","",IF(OR(ISNUMBER(SEARCH("VISITA",D92)),ISNUMBER(SEARCH("RUTA",D92)),ISNUMBER(SEARCH("ARRIB",D92)),ISNUMBER(SEARCH("MATRIZ",D92)),ISNUMBER(SEARCH("PENDIENTE",D92))),"VISITA COORDINADA CON EL CLIENTE","N/A")) -> VISITA COORDINADA CON EL CLIENTE | G92: =IF(base!G92="","",base!G92) -> 001234 | H92: =IF(base!I92="","",base!I92) -> FLEX | I92: =IF(base!S92="","",base!S92) -> Prueba 90 | J92: =IF(base!T92="","",base!T92) -> Calle 123 Piso 2 | K92: =IF(base!U92="","",base!U92) | L92: =IF(base!Y92="","",base!Y92) | M92: =IF(base!AH92="","",base!AH92) | N92: =IF(base!AI92="","",base!AI92) -> 34.072273 | O92: =IF(base!BA92="","",base!BA92) -> 1875 | P92: =IF(base!BK92="","",base!BK92) -> 46303.806 | Q92: =IF(base!BS92="","",base!BS92)
A93: =IF(base!A93="","",base!A93) -> 6200091 | B93: =IF(base!BN93="","",base!BN93) -> 46303.625 | C93: =IF(base!C93="","",base!C93) -> ZETABURGOS SRL | D93: =IF(base!E93="","",base!E93) -> ENTREGADO | E93: =IF(base!BF93="","",base!BF93) | F93: =IF(D93="","",IF(OR(ISNUMBER(SEARCH("VISITA",D93)),ISNUMBER(SEARCH("RUTA",D93)),ISNUMBER(SEARCH("ARRIB",D93)),ISNUMBER(SEARCH("MATRIZ",D93)),ISNUMBER(SEARCH("PENDIENTE",D93))),"VISITA COORDINADA CON EL CLIENTE","N/A")) -> N/A | G93: ="#ABC" -> #ABC | H93: =IF(base!I93="","",base!I93) -> SAMEDAY | I93: =IF(base!S93="","",base!S93) -> Prueba 91 | J93: =IF(base!T93="","",base!T93) -> Calle 123 Piso 2 | K93: =IF(base!U93="","",base!U93) | L93: =IF(base!Y93="","",base!Y93) | M93: =IF(base!AH93="","",base!AH93) | N93: =IF(base!AI93="","",base!AI93) -> 34.072273 | O93: =IF(base!BA93="","",base!BA93) -> 1875 | P93: =IF(base!BK93="","",base!BK93) -> 46303.806 | Q93: =IF(base!BS93="","",base!BS93)
A94: =IF(base!A94="","",base!A94) -> 6200092 | B94: =IF(base!BN94="","",base!BN94) -> 46303.625 | C94: =IF(base!C94="","",base!C94) -> ZETABURGOS SRL | D94: =IF(base!E94="","",base!E94) -> REPROGRAMACIÓN | E94: =IF(base!BF94="","",base!BF94) | F94: =IF(D94="","",IF(OR(ISNUMBER(SEARCH("VISITA",D94)),ISNUMBER(SEARCH("RUTA",D94)),ISNUMBER(SEARCH("ARRIB",D94)),ISNUMBER(SEARCH("MATRIZ",D94)),ISNUMBER(SEARCH("PENDIENTE",D94))),"VISITA COORDINADA CON EL CLIENTE","N/A")) -> N/A | G94: =IF(base!G94="","",base!G94) -> 470123456 | H94: =IF(base!I94="","",base!I94) -> FLEX | I94: =IF(base!S94="","",base!S94) -> Prueba 92 | J94: =IF(base!T94="","",base!T94) -> Calle 123 Piso 2 | K94: =IF(base!U94="","",base!U94) | L94: =IF(base!Y94="","",base!Y94) | M94: =IF(base!AH94="","",base!AH94) | N94: =IF(base!AI94="","",base!AI94) -> 34.072273 | O94: =IF(base!BA94="","",base!BA94) -> 1875 | P94: =IF(base!BK94="","",base!BK94) -> 46303.806 | Q94: =IF(base!BS94="","",base!BS94)
A95: =IF(base!A95="","",base!A95) -> 6200093 | B95: =IF(base!BN95="","",base!BN95) -> 46303.625 | C95: =IF(base!C95="","",base!C95) -> ZETABURGOS SRL | D95: =IF(base!E95="","",base!E95) -> 1RVT - 1° VISITA | E95: =IF(base!BF95="","",base!BF95) | F95: =IF(D95="","",IF(OR(ISNUMBER(SEARCH("VISITA",D95)),ISNUMBER(SEARCH("RUTA",D95)),ISNUMBER(SEARCH("ARRIB",D95)),ISNUMBER(SEARCH("MATRIZ",D95)),ISNUMBER(SEARCH("PENDIENTE",D95))),"VISITA COORDINADA CON EL CLIENTE","N/A")) -> VISITA COORDINADA CON EL CLIENTE | G95: =IF(base!G95="","",base!G95) -> ABC001 | H95: =IF(base!I95="","",base!I95) -> SAMEDAY | I95: =IF(base!S95="","",base!S95) -> Prueba 93 | J95: =IF(base!T95="","",base!T95) -> Calle 123 Piso 2 | K95: =IF(base!U95="","",base!U95) | L95: =IF(base!Y95="","",base!Y95) | M95: =IF(base!AH95="","",base!AH95) | N95: =IF(base!AI95="","",base!AI95) -> 34.072273 | O95: =IF(base!BA95="","",base!BA95) -> 1875 | P95: =IF(base!BK95="","",base!BK95) -> 46303.806 | Q95: =IF(base!BS95="","",base!BS95)
A96: =IF(base!A96="","",base!A96) -> 6200094 | B96: =IF(base!BN96="","",base!BN96) -> 46303.625 | C96: =IF(base!C96="","",base!C96) -> ZETABURGOS SRL | D96: =IF(base!E96="","",base!E96) -> ENTREGADO | E96: =IF(base!BF96="","",base!BF96) | F96: =IF(D96="","",IF(OR(ISNUMBER(SEARCH("VISITA",D96)),ISNUMBER(SEARCH("RUTA",D96)),ISNUMBER(SEARCH("ARRIB",D96)),ISNUMBER(SEARCH("MATRIZ",D96)),ISNUMBER(SEARCH("PENDIENTE",D96))),"VISITA COORDINADA CON EL CLIENTE","N/A")) -> N/A | G96: =IF(base!G96="","",base!G96) -> 2000018857041302 | H96: =IF(base!I96="","",base!I96) -> FLEX | I96: =IF(base!S96="","",base!S96) -> Prueba 94 | J96: =IF(base!T96="","",base!T96) -> Calle 123 Piso 2 | K96: =IF(base!U96="","",base!U96) | L96: =IF(base!Y96="","",base!Y96) | M96: =IF(base!AH96="","",base!AH96) | N96: =IF(base!AI96="","",base!AI96) -> 34.072273 | O96: =IF(base!BA96="","",base!BA96) -> 1875 | P96: =IF(base!BK96="","",base!BK96) -> 46303.806 | Q96: =IF(base!BS96="","",base!BS96)
A97: =IF(base!A97="","",base!A97) -> 6200095 | B97: =IF(base!BN97="","",base!BN97) -> 46303.625 | C97: =IF(base!C97="","",base!C97) -> ZETABURGOS SRL | D97: =IF(base!E97="","",base!E97) -> REPROGRAMACIÓN | E97: =IF(base!BF97="","",base!BF97) | F97: =IF(D97="","",IF(OR(ISNUMBER(SEARCH("VISITA",D97)),ISNUMBER(SEARCH("RUTA",D97)),ISNUMBER(SEARCH("ARRIB",D97)),ISNUMBER(SEARCH("MATRIZ",D97)),ISNUMBER(SEARCH("PENDIENTE",D97))),"VISITA COORDINADA CON EL CLIENTE","N/A")) -> N/A | G97: =IF(base!G97="","",base!G97) -> 001234 | H97: =IF(base!I97="","",base!I97) -> FLEX | I97: =IF(base!S97="","",base!S97) -> Prueba 95 | J97: =IF(base!T97="","",base!T97) -> Calle 123 Piso 2 | K97: =IF(base!U97="","",base!U97) | L97: =IF(base!Y97="","",base!Y97) | M97: =IF(base!AH97="","",base!AH97) | N97: =IF(base!AI97="","",base!AI97) -> 34.072273 | O97: =IF(base!BA97="","",base!BA97) -> 1875 | P97: =IF(base!BK97="","",base!BK97) -> 46303.806 | Q97: =IF(base!BS97="","",base!BS97)
A98: =IF(base!A98="","",base!A98) -> 6200096 | B98: =IF(base!BN98="","",base!BN98) -> 46303.625 | C98: =IF(base!C98="","",base!C98) -> ZETABURGOS SRL | D98: =IF(base!E98="","",base!E98) -> 1RVT - 1° VISITA | E98: =IF(base!BF98="","",base!BF98) | F98: =IF(D98="","",IF(OR(ISNUMBER(SEARCH("VISITA",D98)),ISNUMBER(SEARCH("RUTA",D98)),ISNUMBER(SEARCH("ARRIB",D98)),ISNUMBER(SEARCH("MATRIZ",D98)),ISNUMBER(SEARCH("PENDIENTE",D98))),"VISITA COORDINADA CON EL CLIENTE","N/A")) -> VISITA COORDINADA CON EL CLIENTE | G98: ="#ABC" -> #ABC | H98: =IF(base!I98="","",base!I98) -> SAMEDAY | I98: =IF(base!S98="","",base!S98) -> Prueba 96 | J98: =IF(base!T98="","",base!T98) -> Calle 123 Piso 2 | K98: =IF(base!U98="","",base!U98) | L98: =IF(base!Y98="","",base!Y98) | M98: =IF(base!AH98="","",base!AH98) | N98: =IF(base!AI98="","",base!AI98) -> 34.072273 | O98: =IF(base!BA98="","",base!BA98) -> 1875 | P98: =IF(base!BK98="","",base!BK98) -> 46303.806 | Q98: =IF(base!BS98="","",base!BS98)
A99: =IF(base!A99="","",base!A99) -> 6200097 | B99: =IF(base!BN99="","",base!BN99) -> 46303.625 | C99: =IF(base!C99="","",base!C99) -> ZETABURGOS SRL | D99: =IF(base!E99="","",base!E99) -> ENTREGADO | E99: =IF(base!BF99="","",base!BF99) | F99: =IF(D99="","",IF(OR(ISNUMBER(SEARCH("VISITA",D99)),ISNUMBER(SEARCH("RUTA",D99)),ISNUMBER(SEARCH("ARRIB",D99)),ISNUMBER(SEARCH("MATRIZ",D99)),ISNUMBER(SEARCH("PENDIENTE",D99))),"VISITA COORDINADA CON EL CLIENTE","N/A")) -> N/A | G99: =IF(base!G99="","",base!G99) -> 470123456 | H99: =IF(base!I99="","",base!I99) -> FLEX | I99: =IF(base!S99="","",base!S99) -> Prueba 97 | J99: =IF(base!T99="","",base!T99) -> Calle 123 Piso 2 | K99: =IF(base!U99="","",base!U99) | L99: =IF(base!Y99="","",base!Y99) | M99: =IF(base!AH99="","",base!AH99) | N99: =IF(base!AI99="","",base!AI99) -> 34.072273 | O99: =IF(base!BA99="","",base!BA99) -> 1875 | P99: =IF(base!BK99="","",base!BK99) -> 46303.806 | Q99: =IF(base!BS99="","",base!BS99)
A100: =IF(base!A100="","",base!A100) -> 6200098 | B100: =IF(base!BN100="","",base!BN100) -> 46303.625 | C100: =IF(base!C100="","",base!C100) -> ZETABURGOS SRL | D100: =IF(base!E100="","",base!E100) -> REPROGRAMACIÓN | E100: =IF(base!BF100="","",base!BF100) | F100: =IF(D100="","",IF(OR(ISNUMBER(SEARCH("VISITA",D100)),ISNUMBER(SEARCH("RUTA",D100)),ISNUMBER(SEARCH("ARRIB",D100)),ISNUMBER(SEARCH("MATRIZ",D100)),ISNUMBER(SEARCH("PENDIENTE",D100))),"VISITA COORDINADA CON EL CLIENTE","N/A")) -> N/A | G100: =IF(base!G100="","",base!G100) -> ABC001 | H100: =IF(base!I100="","",base!I100) -> SAMEDAY | I100: =IF(base!S100="","",base!S100) -> Prueba 98 | J100: =IF(base!T100="","",base!T100) -> Calle 123 Piso 2 | K100: =IF(base!U100="","",base!U100) | L100: =IF(base!Y100="","",base!Y100) | M100: =IF(base!AH100="","",base!AH100) | N100: =IF(base!AI100="","",base!AI100) -> 34.072273 | O100: =IF(base!BA100="","",base!BA100) -> 1875 | P100: =IF(base!BK100="","",base!BK100) -> 46303.806 | Q100: =IF(base!BS100="","",base!BS100)
...

Sheet base
A1: Nro Guia | B1: Fecha | C1: Cliente | D1: Sucursal | E1: Estado | F1: Motivo | G1: Remito | H1: Guia Agente | I1: Servicio | J1: Tiempo | K1: Localidad Origen | L1: Localidad Destino | M1: Destino | N1: Peso | O1: Bultos | P1: Importe | Q1: Valor Declarado | R1: Empresa | S1: Destinatario | T1: Domicilio | U1: Localidad | V1: Provincia | W1: Email | X1: Horario | Y1: Distribuidor Recorrido | Z1: Distribuidor Origen | AA1: Distribuidor Destino | AB1: Fecha Planilla | AC1: Nro. Planilla | AD1: Fecha Rendicion | AE1: Nro. Rendicion | AF1: Fecha Pactada | AG1: Fecha Entrega | AH1: Recibio | AI1: Documento | AJ1: Lote | AK1: Contrareembolso | AL1: Other Info | AM1: Obs 1 | AN1: Obs 2 | AO1: Nro.Socio | AP1: Nro.Prestador | AQ1: Usuario | AR1: Peso Volumetrico | AS1: Volumen | AT1: Ceco | AU1: Importe Urgente | AV1: Kg Exceso | AW1: Importe Exceso | AX1: Sector | AY1: Trabajo | AZ1: Fecha Repactacion | BA1: CP | BB1: PLANILLA FACTURADO | BC1: CONSTANCIA RETIRO | BD1: SUCURSAL ORIGEN | BE1: SUCURSAL DESTINO | BF1: GRUPO | BG1: COM.OBS 3 | BH1: COM.OBS 4 | BI1: COM.OTHER INFO | BJ1: COM.CELULAR | BK1: FECHA ULTIMO ESTADO | BL1: Precinto | BM1: Codigo Sucursal | BN1: Fecha Ingreso a Planta | BO1: Datos Envios Obs | BP1: Pago En | BQ1: Codigo Sucursal Naranja Devolucion | BR1: Descripcion Sucursal Naranja Devolucion | BS1: Zona Destino | BT1: Sub Zona Destino | BU1: Nombre Fantasia | BV1: Nro.Liquidacion | BW1: Canal
A2: 6200000 | B2: 46303.806 | C2: ZETABURGOS SRL | E2: 1RVT - 1° VISITA | G2: 001234 | I2: FLEX | N2: 1.25 | S2: Prueba 0 | T2: Calle 123 Piso 2 | AI2: 34.072273 | BA2: 1875 | BJ2: 011123456 | BK2: 46303.806 | BN2: 46303.625
A3: 6200001 | B3: 46303.806 | C3: ZETABURGOS SRL | E3: ENTREGADO | G3: #ABC | I3: SAMEDAY | N3: 1.25 | S3: Prueba 1 | T3: Calle 123 Piso 2 | AI3: 34.072273 | BA3: 1875 | BJ3: 011123456 | BK3: 46303.806 | BN3: 46303.625
A4: 6200002 | B4: 46303.806 | C4: ZETABURGOS SRL | E4: REPROGRAMACIÓN | G4: 470123456 | I4: FLEX | N4: 1.25 | S4: Prueba 2 | T4: Calle 123 Piso 2 | AI4: 34.072273 | BA4: 1875 | BJ4: 011123456 | BK4: 46303.806 | BN4: 46303.625
A5: 6200003 | B5: 46303.806 | C5: ZETABURGOS SRL | E5: 1RVT - 1° VISITA | G5: ABC001 | I5: SAMEDAY | N5: 1.25 | S5: Prueba 3 | T5: Calle 123 Piso 2 | AI5: 34.072273 | BA5: 1875 | BJ5: 011123456 | BK5: 46303.806 | BN5: 46303.625
A6: 6200004 | B6: 46303.806 | C6: ZETABURGOS SRL | E6: ENTREGADO | G6: 2000018857041302 | I6: FLEX | N6: 1.25 | S6: Prueba 4 | T6: Calle 123 Piso 2 | AI6: 34.072273 | BA6: 1875 | BJ6: 011123456 | BK6: 46303.806 | BN6: 46303.625
A7: 6200005 | B7: 46303.806 | C7: ZETABURGOS SRL | E7: REPROGRAMACIÓN | G7: 001234 | I7: FLEX | N7: 1.25 | S7: Prueba 5 | T7: Calle 123 Piso 2 | AI7: 34.072273 | BA7: 1875 | BJ7: 011123456 | BK7: 46303.806 | BN7: 46303.625
A8: 6200006 | B8: 46303.806 | C8: ZETABURGOS SRL | E8: 1RVT - 1° VISITA | G8: #ABC | I8: SAMEDAY | N8: 1.25 | S8: Prueba 6 | T8: Calle 123 Piso 2 | AI8: 34.072273 | BA8: 1875 | BJ8: 011123456 | BK8: 46303.806 | BN8: 46303.625
A9: 6200007 | B9: 46303.806 | C9: ZETABURGOS SRL | E9: ENTREGADO | G9: 470123456 | I9: FLEX | N9: 1.25 | S9: Prueba 7 | T9: Calle 123 Piso 2 | AI9: 34.072273 | BA9: 1875 | BJ9: 011123456 | BK9: 46303.806 | BN9: 46303.625
A10: 6200008 | B10: 46303.806 | C10: ZETABURGOS SRL | E10: REPROGRAMACIÓN | G10: ABC001 | I10: SAMEDAY | N10: 1.25 | S10: Prueba 8 | T10: Calle 123 Piso 2 | AI10: 34.072273 | BA10: 1875 | BJ10: 011123456 | BK10: 46303.806 | BN10: 46303.625
A11: 6200009 | B11: 46303.806 | C11: ZETABURGOS SRL | E11: 1RVT - 1° VISITA | G11: 2000018857041302 | I11: FLEX | N11: 1.25 | S11: Prueba 9 | T11: Calle 123 Piso 2 | AI11: 34.072273 | BA11: 1875 | BJ11: 011123456 | BK11: 46303.806 | BN11: 46303.625
A12: 6200010 | B12: 46303.806 | C12: ZETABURGOS SRL | E12: ENTREGADO | G12: 001234 | I12: FLEX | N12: 1.25 | S12: Prueba 10 | T12: Calle 123 Piso 2 | AI12: 34.072273 | BA12: 1875 | BJ12: 011123456 | BK12: 46303.806 | BN12: 46303.625
A13: 6200011 | B13: 46303.806 | C13: ZETABURGOS SRL | E13: REPROGRAMACIÓN | G13: #ABC | I13: SAMEDAY | N13: 1.25 | S13: Prueba 11 | T13: Calle 123 Piso 2 | AI13: 34.072273 | BA13: 1875 | BJ13: 011123456 | BK13: 46303.806 | BN13: 46303.625
A14: 6200012 | B14: 46303.806 | C14: ZETABURGOS SRL | E14: 1RVT - 1° VISITA | G14: 470123456 | I14: FLEX | N14: 1.25 | S14: Prueba 12 | T14: Calle 123 Piso 2 | AI14: 34.072273 | BA14: 1875 | BJ14: 011123456 | BK14: 46303.806 | BN14: 46303.625
A15: 6200013 | B15: 46303.806 | C15: ZETABURGOS SRL | E15: ENTREGADO | G15: ABC001 | I15: SAMEDAY | N15: 1.25 | S15: Prueba 13 | T15: Calle 123 Piso 2 | AI15: 34.072273 | BA15: 1875 | BJ15: 011123456 | BK15: 46303.806 | BN15: 46303.625
A16: 6200014 | B16: 46303.806 | C16: ZETABURGOS SRL | E16: REPROGRAMACIÓN | G16: 2000018857041302 | I16: FLEX | N16: 1.25 | S16: Prueba 14 | T16: Calle 123 Piso 2 | AI16: 34.072273 | BA16: 1875 | BJ16: 011123456 | BK16: 46303.806 | BN16: 46303.625
A17: 6200015 | B17: 46303.806 | C17: ZETABURGOS SRL | E17: 1RVT - 1° VISITA | G17: 001234 | I17: FLEX | N17: 1.25 | S17: Prueba 15 | T17: Calle 123 Piso 2 | AI17: 34.072273 | BA17: 1875 | BJ17: 011123456 | BK17: 46303.806 | BN17: 46303.625
A18: 6200016 | B18: 46303.806 | C18: ZETABURGOS SRL | E18: ENTREGADO | G18: #ABC | I18: SAMEDAY | N18: 1.25 | S18: Prueba 16 | T18: Calle 123 Piso 2 | AI18: 34.072273 | BA18: 1875 | BJ18: 011123456 | BK18: 46303.806 | BN18: 46303.625
A19: 6200017 | B19: 46303.806 | C19: ZETABURGOS SRL | E19: REPROGRAMACIÓN | G19: 470123456 | I19: FLEX | N19: 1.25 | S19: Prueba 17 | T19: Calle 123 Piso 2 | AI19: 34.072273 | BA19: 1875 | BJ19: 011123456 | BK19: 46303.806 | BN19: 46303.625
A20: 6200018 | B20: 46303.806 | C20: ZETABURGOS SRL | E20: 1RVT - 1° VISITA | G20: ABC001 | I20: SAMEDAY | N20: 1.25 | S20: Prueba 18 | T20: Calle 123 Piso 2 | AI20: 34.072273 | BA20: 1875 | BJ20: 011123456 | BK20: 46303.806 | BN20: 46303.625
A21: 6200019 | B21: 46303.806 | C21: ZETABURGOS SRL | E21: ENTREGADO | G21: 2000018857041302 | I21: FLEX | N21: 1.25 | S21: Prueba 19 | T21: Calle 123 Piso 2 | AI21: 34.072273 | BA21: 1875 | BJ21: 011123456 | BK21: 46303.806 | BN21: 46303.625
A22: 6200020 | B22: 46303.806 | C22: ZETABURGOS SRL | E22: REPROGRAMACIÓN | G22: 001234 | I22: FLEX | N22: 1.25 | S22: Prueba 20 | T22: Calle 123 Piso 2 | AI22: 34.072273 | BA22: 1875 | BJ22: 011123456 | BK22: 46303.806 | BN22: 46303.625
A23: 6200021 | B23: 46303.806 | C23: ZETABURGOS SRL | E23: 1RVT - 1° VISITA | G23: #ABC | I23: SAMEDAY | N23: 1.25 | S23: Prueba 21 | T23: Calle 123 Piso 2 | AI23: 34.072273 | BA23: 1875 | BJ23: 011123456 | BK23: 46303.806 | BN23: 46303.625
A24: 6200022 | B24: 46303.806 | C24: ZETABURGOS SRL | E24: ENTREGADO | G24: 470123456 | I24: FLEX | N24: 1.25 | S24: Prueba 22 | T24: Calle 123 Piso 2 | AI24: 34.072273 | BA24: 1875 | BJ24: 011123456 | BK24: 46303.806 | BN24: 46303.625
A25: 6200023 | B25: 46303.806 | C25: ZETABURGOS SRL | E25: REPROGRAMACIÓN | G25: ABC001 | I25: SAMEDAY | N25: 1.25 | S25: Prueba 23 | T25: Calle 123 Piso 2 | AI25: 34.072273 | BA25: 1875 | BJ25: 011123456 | BK25: 46303.806 | BN25: 46303.625
A26: 6200024 | B26: 46303.806 | C26: ZETABURGOS SRL | E26: 1RVT - 1° VISITA | G26: 2000018857041302 | I26: FLEX | N26: 1.25 | S26: Prueba 24 | T26: Calle 123 Piso 2 | AI26: 34.072273 | BA26: 1875 | BJ26: 011123456 | BK26: 46303.806 | BN26: 46303.625
A27: 6200025 | B27: 46303.806 | C27: ZETABURGOS SRL | E27: ENTREGADO | G27: 001234 | I27: FLEX | N27: 1.25 | S27: Prueba 25 | T27: Calle 123 Piso 2 | AI27: 34.072273 | BA27: 1875 | BJ27: 011123456 | BK27: 46303.806 | BN27: 46303.625
A28: 6200026 | B28: 46303.806 | C28: ZETABURGOS SRL | E28: REPROGRAMACIÓN | G28: #ABC | I28: SAMEDAY | N28: 1.25 | S28: Prueba 26 | T28: Calle 123 Piso 2 | AI28: 34.072273 | BA28: 1875 | BJ28: 011123456 | BK28: 46303.806 | BN28: 46303.625
A29: 6200027 | B29: 46303.806 | C29: ZETABURGOS SRL | E29: 1RVT - 1° VISITA | G29: 470123456 | I29: FLEX | N29: 1.25 | S29: Prueba 27 | T29: Calle 123 Piso 2 | AI29: 34.072273 | BA29: 1875 | BJ29: 011123456 | BK29: 46303.806 | BN29: 46303.625
A30: 6200028 | B30: 46303.806 | C30: ZETABURGOS SRL | E30: ENTREGADO | G30: ABC001 | I30: SAMEDAY | N30: 1.25 | S30: Prueba 28 | T30: Calle 123 Piso 2 | AI30: 34.072273 | BA30: 1875 | BJ30: 011123456 | BK30: 46303.806 | BN30: 46303.625
A31: 6200029 | B31: 46303.806 | C31: ZETABURGOS SRL | E31: REPROGRAMACIÓN | G31: 2000018857041302 | I31: FLEX | N31: 1.25 | S31: Prueba 29 | T31: Calle 123 Piso 2 | AI31: 34.072273 | BA31: 1875 | BJ31: 011123456 | BK31: 46303.806 | BN31: 46303.625
A32: 6200030 | B32: 46303.806 | C32: ZETABURGOS SRL | E32: 1RVT - 1° VISITA | G32: 001234 | I32: FLEX | N32: 1.25 | S32: Prueba 30 | T32: Calle 123 Piso 2 | AI32: 34.072273 | BA32: 1875 | BJ32: 011123456 | BK32: 46303.806 | BN32: 46303.625
A33: 6200031 | B33: 46303.806 | C33: ZETABURGOS SRL | E33: ENTREGADO | G33: #ABC | I33: SAMEDAY | N33: 1.25 | S33: Prueba 31 | T33: Calle 123 Piso 2 | AI33: 34.072273 | BA33: 1875 | BJ33: 011123456 | BK33: 46303.806 | BN33: 46303.625
A34: 6200032 | B34: 46303.806 | C34: ZETABURGOS SRL | E34: REPROGRAMACIÓN | G34: 470123456 | I34: FLEX | N34: 1.25 | S34: Prueba 32 | T34: Calle 123 Piso 2 | AI34: 34.072273 | BA34: 1875 | BJ34: 011123456 | BK34: 46303.806 | BN34: 46303.625
A35: 6200033 | B35: 46303.806 | C35: ZETABURGOS SRL | E35: 1RVT - 1° VISITA | G35: ABC001 | I35: SAMEDAY | N35: 1.25 | S35: Prueba 33 | T35: Calle 123 Piso 2 | AI35: 34.072273 | BA35: 1875 | BJ35: 011123456 | BK35: 46303.806 | BN35: 46303.625
A36: 6200034 | B36: 46303.806 | C36: ZETABURGOS SRL | E36: ENTREGADO | G36: 2000018857041302 | I36: FLEX | N36: 1.25 | S36: Prueba 34 | T36: Calle 123 Piso 2 | AI36: 34.072273 | BA36: 1875 | BJ36: 011123456 | BK36: 46303.806 | BN36: 46303.625
A37: 6200035 | B37: 46303.806 | C37: ZETABURGOS SRL | E37: REPROGRAMACIÓN | G37: 001234 | I37: FLEX | N37: 1.25 | S37: Prueba 35 | T37: Calle 123 Piso 2 | AI37: 34.072273 | BA37: 1875 | BJ37: 011123456 | BK37: 46303.806 | BN37: 46303.625
A38: 6200036 | B38: 46303.806 | C38: ZETABURGOS SRL | E38: 1RVT - 1° VISITA | G38: #ABC | I38: SAMEDAY | N38: 1.25 | S38: Prueba 36 | T38: Calle 123 Piso 2 | AI38: 34.072273 | BA38: 1875 | BJ38: 011123456 | BK38: 46303.806 | BN38: 46303.625
A39: 6200037 | B39: 46303.806 | C39: ZETABURGOS SRL | E39: ENTREGADO | G39: 470123456 | I39: FLEX | N39: 1.25 | S39: Prueba 37 | T39: Calle 123 Piso 2 | AI39: 34.072273 | BA39: 1875 | BJ39: 011123456 | BK39: 46303.806 | BN39: 46303.625
A40: 6200038 | B40: 46303.806 | C40: ZETABURGOS SRL | E40: REPROGRAMACIÓN | G40: ABC001 | I40: SAMEDAY | N40: 1.25 | S40: Prueba 38 | T40: Calle 123 Piso 2 | AI40: 34.072273 | BA40: 1875 | BJ40: 011123456 | BK40: 46303.806 | BN40: 46303.625
A41: 6200039 | B41: 46303.806 | C41: ZETABURGOS SRL | E41: 1RVT - 1° VISITA | G41: 2000018857041302 | I41: FLEX | N41: 1.25 | S41: Prueba 39 | T41: Calle 123 Piso 2 | AI41: 34.072273 | BA41: 1875 | BJ41: 011123456 | BK41: 46303.806 | BN41: 46303.625
A42: 6200040 | B42: 46303.806 | C42: ZETABURGOS SRL | E42: ENTREGADO | G42: 001234 | I42: FLEX | N42: 1.25 | S42: Prueba 40 | T42: Calle 123 Piso 2 | AI42: 34.072273 | BA42: 1875 | BJ42: 011123456 | BK42: 46303.806 | BN42: 46303.625
A43: 6200041 | B43: 46303.806 | C43: ZETABURGOS SRL | E43: REPROGRAMACIÓN | G43: #ABC | I43: SAMEDAY | N43: 1.25 | S43: Prueba 41 | T43: Calle 123 Piso 2 | AI43: 34.072273 | BA43: 1875 | BJ43: 011123456 | BK43: 46303.806 | BN43: 46303.625
A44: 6200042 | B44: 46303.806 | C44: ZETABURGOS SRL | E44: 1RVT - 1° VISITA | G44: 470123456 | I44: FLEX | N44: 1.25 | S44: Prueba 42 | T44: Calle 123 Piso 2 | AI44: 34.072273 | BA44: 1875 | BJ44: 011123456 | BK44: 46303.806 | BN44: 46303.625
A45: 6200043 | B45: 46303.806 | C45: ZETABURGOS SRL | E45: ENTREGADO | G45: ABC001 | I45: SAMEDAY | N45: 1.25 | S45: Prueba 43 | T45: Calle 123 Piso 2 | AI45: 34.072273 | BA45: 1875 | BJ45: 011123456 | BK45: 46303.806 | BN45: 46303.625
A46: 6200044 | B46: 46303.806 | C46: ZETABURGOS SRL | E46: REPROGRAMACIÓN | G46: 2000018857041302 | I46: FLEX | N46: 1.25 | S46: Prueba 44 | T46: Calle 123 Piso 2 | AI46: 34.072273 | BA46: 1875 | BJ46: 011123456 | BK46: 46303.806 | BN46: 46303.625
A47: 6200045 | B47: 46303.806 | C47: ZETABURGOS SRL | E47: 1RVT - 1° VISITA | G47: 001234 | I47: FLEX | N47: 1.25 | S47: Prueba 45 | T47: Calle 123 Piso 2 | AI47: 34.072273 | BA47: 1875 | BJ47: 011123456 | BK47: 46303.806 | BN47: 46303.625
A48: 6200046 | B48: 46303.806 | C48: ZETABURGOS SRL | E48: ENTREGADO | G48: #ABC | I48: SAMEDAY | N48: 1.25 | S48: Prueba 46 | T48: Calle 123 Piso 2 | AI48: 34.072273 | BA48: 1875 | BJ48: 011123456 | BK48: 46303.806 | BN48: 46303.625
A49: 6200047 | B49: 46303.806 | C49: ZETABURGOS SRL | E49: REPROGRAMACIÓN | G49: 470123456 | I49: FLEX | N49: 1.25 | S49: Prueba 47 | T49: Calle 123 Piso 2 | AI49: 34.072273 | BA49: 1875 | BJ49: 011123456 | BK49: 46303.806 | BN49: 46303.625
A50: 6200048 | B50: 46303.806 | C50: ZETABURGOS SRL | E50: 1RVT - 1° VISITA | G50: ABC001 | I50: SAMEDAY | N50: 1.25 | S50: Prueba 48 | T50: Calle 123 Piso 2 | AI50: 34.072273 | BA50: 1875 | BJ50: 011123456 | BK50: 46303.806 | BN50: 46303.625
A51: 6200049 | B51: 46303.806 | C51: ZETABURGOS SRL | E51: ENTREGADO | G51: 2000018857041302 | I51: FLEX | N51: 1.25 | S51: Prueba 49 | T51: Calle 123 Piso 2 | AI51: 34.072273 | BA51: 1875 | BJ51: 011123456 | BK51: 46303.806 | BN51: 46303.625
A52: 6200050 | B52: 46303.806 | C52: ZETABURGOS SRL | E52: REPROGRAMACIÓN | G52: 001234 | I52: FLEX | N52: 1.25 | S52: Prueba 50 | T52: Calle 123 Piso 2 | AI52: 34.072273 | BA52: 1875 | BJ52: 011123456 | BK52: 46303.806 | BN52: 46303.625
A53: 6200051 | B53: 46303.806 | C53: ZETABURGOS SRL | E53: 1RVT - 1° VISITA | G53: #ABC | I53: SAMEDAY | N53: 1.25 | S53: Prueba 51 | T53: Calle 123 Piso 2 | AI53: 34.072273 | BA53: 1875 | BJ53: 011123456 | BK53: 46303.806 | BN53: 46303.625
A54: 6200052 | B54: 46303.806 | C54: ZETABURGOS SRL | E54: ENTREGADO | G54: 470123456 | I54: FLEX | N54: 1.25 | S54: Prueba 52 | T54: Calle 123 Piso 2 | AI54: 34.072273 | BA54: 1875 | BJ54: 011123456 | BK54: 46303.806 | BN54: 46303.625
A55: 6200053 | B55: 46303.806 | C55: ZETABURGOS SRL | E55: REPROGRAMACIÓN | G55: ABC001 | I55: SAMEDAY | N55: 1.25 | S55: Prueba 53 | T55: Calle 123 Piso 2 | AI55: 34.072273 | BA55: 1875 | BJ55: 011123456 | BK55: 46303.806 | BN55: 46303.625
A56: 6200054 | B56: 46303.806 | C56: ZETABURGOS SRL | E56: 1RVT - 1° VISITA | G56: 2000018857041302 | I56: FLEX | N56: 1.25 | S56: Prueba 54 | T56: Calle 123 Piso 2 | AI56: 34.072273 | BA56: 1875 | BJ56: 011123456 | BK56: 46303.806 | BN56: 46303.625
A57: 6200055 | B57: 46303.806 | C57: ZETABURGOS SRL | E57: ENTREGADO | G57: 001234 | I57: FLEX | N57: 1.25 | S57: Prueba 55 | T57: Calle 123 Piso 2 | AI57: 34.072273 | BA57: 1875 | BJ57: 011123456 | BK57: 46303.806 | BN57: 46303.625
A58: 6200056 | B58: 46303.806 | C58: ZETABURGOS SRL | E58: REPROGRAMACIÓN | G58: #ABC | I58: SAMEDAY | N58: 1.25 | S58: Prueba 56 | T58: Calle 123 Piso 2 | AI58: 34.072273 | BA58: 1875 | BJ58: 011123456 | BK58: 46303.806 | BN58: 46303.625
A59: 6200057 | B59: 46303.806 | C59: ZETABURGOS SRL | E59: 1RVT - 1° VISITA | G59: 470123456 | I59: FLEX | N59: 1.25 | S59: Prueba 57 | T59: Calle 123 Piso 2 | AI59: 34.072273 | BA59: 1875 | BJ59: 011123456 | BK59: 46303.806 | BN59: 46303.625
A60: 6200058 | B60: 46303.806 | C60: ZETABURGOS SRL | E60: ENTREGADO | G60: ABC001 | I60: SAMEDAY | N60: 1.25 | S60: Prueba 58 | T60: Calle 123 Piso 2 | AI60: 34.072273 | BA60: 1875 | BJ60: 011123456 | BK60: 46303.806 | BN60: 46303.625
A61: 6200059 | B61: 46303.806 | C61: ZETABURGOS SRL | E61: REPROGRAMACIÓN | G61: 2000018857041302 | I61: FLEX | N61: 1.25 | S61: Prueba 59 | T61: Calle 123 Piso 2 | AI61: 34.072273 | BA61: 1875 | BJ61: 011123456 | BK61: 46303.806 | BN61: 46303.625
A62: 6200060 | B62: 46303.806 | C62: ZETABURGOS SRL | E62: 1RVT - 1° VISITA | G62: 001234 | I62: FLEX | N62: 1.25 | S62: Prueba 60 | T62: Calle 123 Piso 2 | AI62: 34.072273 | BA62: 1875 | BJ62: 011123456 | BK62: 46303.806 | BN62: 46303.625
A63: 6200061 | B63: 46303.806 | C63: ZETABURGOS SRL | E63: ENTREGADO | G63: #ABC | I63: SAMEDAY | N63: 1.25 | S63: Prueba 61 | T63: Calle 123 Piso 2 | AI63: 34.072273 | BA63: 1875 | BJ63: 011123456 | BK63: 46303.806 | BN63: 46303.625
A64: 6200062 | B64: 46303.806 | C64: ZETABURGOS SRL | E64: REPROGRAMACIÓN | G64: 470123456 | I64: FLEX | N64: 1.25 | S64: Prueba 62 | T64: Calle 123 Piso 2 | AI64: 34.072273 | BA64: 1875 | BJ64: 011123456 | BK64: 46303.806 | BN64: 46303.625
A65: 6200063 | B65: 46303.806 | C65: ZETABURGOS SRL | E65: 1RVT - 1° VISITA | G65: ABC001 | I65: SAMEDAY | N65: 1.25 | S65: Prueba 63 | T65: Calle 123 Piso 2 | AI65: 34.072273 | BA65: 1875 | BJ65: 011123456 | BK65: 46303.806 | BN65: 46303.625
A66: 6200064 | B66: 46303.806 | C66: ZETABURGOS SRL | E66: ENTREGADO | G66: 2000018857041302 | I66: FLEX | N66: 1.25 | S66: Prueba 64 | T66: Calle 123 Piso 2 | AI66: 34.072273 | BA66: 1875 | BJ66: 011123456 | BK66: 46303.806 | BN66: 46303.625
A67: 6200065 | B67: 46303.806 | C67: ZETABURGOS SRL | E67: REPROGRAMACIÓN | G67: 001234 | I67: FLEX | N67: 1.25 | S67: Prueba 65 | T67: Calle 123 Piso 2 | AI67: 34.072273 | BA67: 1875 | BJ67: 011123456 | BK67: 46303.806 | BN67: 46303.625
A68: 6200066 | B68: 46303.806 | C68: ZETABURGOS SRL | E68: 1RVT - 1° VISITA | G68: #ABC | I68: SAMEDAY | N68: 1.25 | S68: Prueba 66 | T68: Calle 123 Piso 2 | AI68: 34.072273 | BA68: 1875 | BJ68: 011123456 | BK68: 46303.806 | BN68: 46303.625
A69: 6200067 | B69: 46303.806 | C69: ZETABURGOS SRL | E69: ENTREGADO | G69: 470123456 | I69: FLEX | N69: 1.25 | S69: Prueba 67 | T69: Calle 123 Piso 2 | AI69: 34.072273 | BA69: 1875 | BJ69: 011123456 | BK69: 46303.806 | BN69: 46303.625
A70: 6200068 | B70: 46303.806 | C70: ZETABURGOS SRL | E70: REPROGRAMACIÓN | G70: ABC001 | I70: SAMEDAY | N70: 1.25 | S70: Prueba 68 | T70: Calle 123 Piso 2 | AI70: 34.072273 | BA70: 1875 | BJ70: 011123456 | BK70: 46303.806 | BN70: 46303.625
A71: 6200069 | B71: 46303.806 | C71: ZETABURGOS SRL | E71: 1RVT - 1° VISITA | G71: 2000018857041302 | I71: FLEX | N71: 1.25 | S71: Prueba 69 | T71: Calle 123 Piso 2 | AI71: 34.072273 | BA71: 1875 | BJ71: 011123456 | BK71: 46303.806 | BN71: 46303.625
A72: 6200070 | B72: 46303.806 | C72: ZETABURGOS SRL | E72: ENTREGADO | G72: 001234 | I72: FLEX | N72: 1.25 | S72: Prueba 70 | T72: Calle 123 Piso 2 | AI72: 34.072273 | BA72: 1875 | BJ72: 011123456 | BK72: 46303.806 | BN72: 46303.625
A73: 6200071 | B73: 46303.806 | C73: ZETABURGOS SRL | E73: REPROGRAMACIÓN | G73: #ABC | I73: SAMEDAY | N73: 1.25 | S73: Prueba 71 | T73: Calle 123 Piso 2 | AI73: 34.072273 | BA73: 1875 | BJ73: 011123456 | BK73: 46303.806 | BN73: 46303.625
A74: 6200072 | B74: 46303.806 | C74: ZETABURGOS SRL | E74: 1RVT - 1° VISITA | G74: 470123456 | I74: FLEX | N74: 1.25 | S74: Prueba 72 | T74: Calle 123 Piso 2 | AI74: 34.072273 | BA74: 1875 | BJ74: 011123456 | BK74: 46303.806 | BN74: 46303.625
A75: 6200073 | B75: 46303.806 | C75: ZETABURGOS SRL | E75: ENTREGADO | G75: ABC001 | I75: SAMEDAY | N75: 1.25 | S75: Prueba 73 | T75: Calle 123 Piso 2 | AI75: 34.072273 | BA75: 1875 | BJ75: 011123456 | BK75: 46303.806 | BN75: 46303.625
A76: 6200074 | B76: 46303.806 | C76: ZETABURGOS SRL | E76: REPROGRAMACIÓN | G76: 2000018857041302 | I76: FLEX | N76: 1.25 | S76: Prueba 74 | T76: Calle 123 Piso 2 | AI76: 34.072273 | BA76: 1875 | BJ76: 011123456 | BK76: 46303.806 | BN76: 46303.625
A77: 6200075 | B77: 46303.806 | C77: ZETABURGOS SRL | E77: 1RVT - 1° VISITA | G77: 001234 | I77: FLEX | N77: 1.25 | S77: Prueba 75 | T77: Calle 123 Piso 2 | AI77: 34.072273 | BA77: 1875 | BJ77: 011123456 | BK77: 46303.806 | BN77: 46303.625
A78: 6200076 | B78: 46303.806 | C78: ZETABURGOS SRL | E78: ENTREGADO | G78: #ABC | I78: SAMEDAY | N78: 1.25 | S78: Prueba 76 | T78: Calle 123 Piso 2 | AI78: 34.072273 | BA78: 1875 | BJ78: 011123456 | BK78: 46303.806 | BN78: 46303.625
A79: 6200077 | B79: 46303.806 | C79: ZETABURGOS SRL | E79: REPROGRAMACIÓN | G79: 470123456 | I79: FLEX | N79: 1.25 | S79: Prueba 77 | T79: Calle 123 Piso 2 | AI79: 34.072273 | BA79: 1875 | BJ79: 011123456 | BK79: 46303.806 | BN79: 46303.625
A80: 6200078 | B80: 46303.806 | C80: ZETABURGOS SRL | E80: 1RVT - 1° VISITA | G80: ABC001 | I80: SAMEDAY | N80: 1.25 | S80: Prueba 78 | T80: Calle 123 Piso 2 | AI80: 34.072273 | BA80: 1875 | BJ80: 011123456 | BK80: 46303.806 | BN80: 46303.625
A81: 6200079 | B81: 46303.806 | C81: ZETABURGOS SRL | E81: ENTREGADO | G81: 2000018857041302 | I81: FLEX | N81: 1.25 | S81: Prueba 79 | T81: Calle 123 Piso 2 | AI81: 34.072273 | BA81: 1875 | BJ81: 011123456 | BK81: 46303.806 | BN81: 46303.625
A82: 6200080 | B82: 46303.806 | C82: ZETABURGOS SRL | E82: REPROGRAMACIÓN | G82: 001234 | I82: FLEX | N82: 1.25 | S82: Prueba 80 | T82: Calle 123 Piso 2 | AI82: 34.072273 | BA82: 1875 | BJ82: 011123456 | BK82: 46303.806 | BN82: 46303.625
A83: 6200081 | B83: 46303.806 | C83: ZETABURGOS SRL | E83: 1RVT - 1° VISITA | G83: #ABC | I83: SAMEDAY | N83: 1.25 | S83: Prueba 81 | T83: Calle 123 Piso 2 | AI83: 34.072273 | BA83: 1875 | BJ83: 011123456 | BK83: 46303.806 | BN83: 46303.625
A84: 6200082 | B84: 46303.806 | C84: ZETABURGOS SRL | E84: ENTREGADO | G84: 470123456 | I84: FLEX | N84: 1.25 | S84: Prueba 82 | T84: Calle 123 Piso 2 | AI84: 34.072273 | BA84: 1875 | BJ84: 011123456 | BK84: 46303.806 | BN84: 46303.625
A85: 6200083 | B85: 46303.806 | C85: ZETABURGOS SRL | E85: REPROGRAMACIÓN | G85: ABC001 | I85: SAMEDAY | N85: 1.25 | S85: Prueba 83 | T85: Calle 123 Piso 2 | AI85: 34.072273 | BA85: 1875 | BJ85: 011123456 | BK85: 46303.806 | BN85: 46303.625
A86: 6200084 | B86: 46303.806 | C86: ZETABURGOS SRL | E86: 1RVT - 1° VISITA | G86: 2000018857041302 | I86: FLEX | N86: 1.25 | S86: Prueba 84 | T86: Calle 123 Piso 2 | AI86: 34.072273 | BA86: 1875 | BJ86: 011123456 | BK86: 46303.806 | BN86: 46303.625
A87: 6200085 | B87: 46303.806 | C87: ZETABURGOS SRL | E87: ENTREGADO | G87: 001234 | I87: FLEX | N87: 1.25 | S87: Prueba 85 | T87: Calle 123 Piso 2 | AI87: 34.072273 | BA87: 1875 | BJ87: 011123456 | BK87: 46303.806 | BN87: 46303.625
A88: 6200086 | B88: 46303.806 | C88: ZETABURGOS SRL | E88: REPROGRAMACIÓN | G88: #ABC | I88: SAMEDAY | N88: 1.25 | S88: Prueba 86 | T88: Calle 123 Piso 2 | AI88: 34.072273 | BA88: 1875 | BJ88: 011123456 | BK88: 46303.806 | BN88: 46303.625
A89: 6200087 | B89: 46303.806 | C89: ZETABURGOS SRL | E89: 1RVT - 1° VISITA | G89: 470123456 | I89: FLEX | N89: 1.25 | S89: Prueba 87 | T89: Calle 123 Piso 2 | AI89: 34.072273 | BA89: 1875 | BJ89: 011123456 | BK89: 46303.806 | BN89: 46303.625
A90: 6200088 | B90: 46303.806 | C90: ZETABURGOS SRL | E90: ENTREGADO | G90: ABC001 | I90: SAMEDAY | N90: 1.25 | S90: Prueba 88 | T90: Calle 123 Piso 2 | AI90: 34.072273 | BA90: 1875 | BJ90: 011123456 | BK90: 46303.806 | BN90: 46303.625
A91: 6200089 | B91: 46303.806 | C91: ZETABURGOS SRL | E91: REPROGRAMACIÓN | G91: 2000018857041302 | I91: FLEX | N91: 1.25 | S91: Prueba 89 | T91: Calle 123 Piso 2 | AI91: 34.072273 | BA91: 1875 | BJ91: 011123456 | BK91: 46303.806 | BN91: 46303.625
A92: 6200090 | B92: 46303.806 | C92: ZETABURGOS SRL | E92: 1RVT - 1° VISITA | G92: 001234 | I92: FLEX | N92: 1.25 | S92: Prueba 90 | T92: Calle 123 Piso 2 | AI92: 34.072273 | BA92: 1875 | BJ92: 011123456 | BK92: 46303.806 | BN92: 46303.625
A93: 6200091 | B93: 46303.806 | C93: ZETABURGOS SRL | E93: ENTREGADO | G93: #ABC | I93: SAMEDAY | N93: 1.25 | S93: Prueba 91 | T93: Calle 123 Piso 2 | AI93: 34.072273 | BA93: 1875 | BJ93: 011123456 | BK93: 46303.806 | BN93: 46303.625
A94: 6200092 | B94: 46303.806 | C94: ZETABURGOS SRL | E94: REPROGRAMACIÓN | G94: 470123456 | I94: FLEX | N94: 1.25 | S94: Prueba 92 | T94: Calle 123 Piso 2 | AI94: 34.072273 | BA94: 1875 | BJ94: 011123456 | BK94: 46303.806 | BN94: 46303.625
A95: 6200093 | B95: 46303.806 | C95: ZETABURGOS SRL | E95: 1RVT - 1° VISITA | G95: ABC001 | I95: SAMEDAY | N95: 1.25 | S95: Prueba 93 | T95: Calle 123 Piso 2 | AI95: 34.072273 | BA95: 1875 | BJ95: 011123456 | BK95: 46303.806 | BN95: 46303.625
A96: 6200094 | B96: 46303.806 | C96: ZETABURGOS SRL | E96: ENTREGADO | G96: 2000018857041302 | I96: FLEX | N96: 1.25 | S96: Prueba 94 | T96: Calle 123 Piso 2 | AI96: 34.072273 | BA96: 1875 | BJ96: 011123456 | BK96: 46303.806 | BN96: 46303.625
A97: 6200095 | B97: 46303.806 | C97: ZETABURGOS SRL | E97: REPROGRAMACIÓN | G97: 001234 | I97: FLEX | N97: 1.25 | S97: Prueba 95 | T97: Calle 123 Piso 2 | AI97: 34.072273 | BA97: 1875 | BJ97: 011123456 | BK97: 46303.806 | BN97: 46303.625
A98: 6200096 | B98: 46303.806 | C98: ZETABURGOS SRL | E98: 1RVT - 1° VISITA | G98: #ABC | I98: SAMEDAY | N98: 1.25 | S98: Prueba 96 | T98: Calle 123 Piso 2 | AI98: 34.072273 | BA98: 1875 | BJ98: 011123456 | BK98: 46303.806 | BN98: 46303.625
A99: 6200097 | B99: 46303.806 | C99: ZETABURGOS SRL | E99: ENTREGADO | G99: 470123456 | I99: FLEX | N99: 1.25 | S99: Prueba 97 | T99: Calle 123 Piso 2 | AI99: 34.072273 | BA99: 1875 | BJ99: 011123456 | BK99: 46303.806 | BN99: 46303.625
A100: 6200098 | B100: 46303.806 | C100: ZETABURGOS SRL | E100: REPROGRAMACIÓN | G100: ABC001 | I100: SAMEDAY | N100: 1.25 | S100: Prueba 98 | T100: Calle 123 Piso 2 | AI100: 34.072273 | BA100: 1875 | BJ100: 011123456 | BK100: 46303.806 | BN100: 46303.625
...

Sheet aux
A1: VISITA COORDINADA CON EL CLIENTE
A2: N/A
A3: CERRADO EN APP FLEX
